image,text,source
images/synthetic/synthetic_001.png,پاکستان زندہ باد,synthetic
images/synthetic/synthetic_002.png,آج کا موسم خوشگوار ہے,synthetic
images/synthetic/synthetic_003.png,تعلیم ہر انسان کا حق ہے,synthetic
images/synthetic/synthetic_004.png,کراچی پاکستان کا سب سے بڑا شہر ہے,synthetic
images/synthetic/synthetic_005.png,محنت کامیابی کی کنجی ہے,synthetic
images/synthetic/synthetic_006.png,پانی زندگی کے لیے ضروری ہے,synthetic
images/synthetic/synthetic_007.png,دوستی ایک انمول رشتہ ہے,synthetic
images/synthetic/synthetic_008.png,کتابیں علم کا خزانہ ہیں,synthetic
images/synthetic/synthetic_009.png,صحت ہزار نعمت ہے,synthetic
images/synthetic/synthetic_010.png,وقت کی قدر کرنی چاہیے,synthetic
images/synthetic/synthetic_011.png,محبت سب سے بڑی طاقت ہے,synthetic
images/synthetic/synthetic_012.png,سچائی ہمیشہ جیتتی ہے,synthetic
images/synthetic/synthetic_013.png,امن ہر انسان کی خواہش ہے,synthetic
images/synthetic/synthetic_014.png,خوشی بانٹنے سے بڑھتی ہے,synthetic
images/synthetic/synthetic_015.png,علم انسان کو روشنی دیتا ہے,synthetic
images/synthetic/synthetic_016.png,قدرت کا حسن بے مثال ہے,synthetic
images/synthetic/synthetic_017.png,اردو ایک شیریں زبان ہے,synthetic
images/synthetic/synthetic_018.png,بچے قوم کا مستقبل ہیں,synthetic
images/synthetic/synthetic_019.png,محنت سے ہر خواب پورا ہوتا ہے,synthetic
images/synthetic/synthetic_020.png,شکر گزاری خوشی کی کنجی ہے,synthetic
images/synthetic/synthetic_021.png,لاہور تاریخی شہر ہے,synthetic
images/synthetic/synthetic_022.png,کتاب دوست بہترین ساتھی ہے,synthetic
images/synthetic/synthetic_023.png,ہمت مرداں مدد خدا,synthetic
images/synthetic/synthetic_024.png,اچھے اخلاق سب سے بڑی دولت ہیں,synthetic
images/handwritten/handwritten_001.png, ہوٹل کا عملہ نہایت دوستانہ ہے عملہ نے,handwritten
images/handwritten/handwritten_002.png,میری بہت مدد کی میں یہاں ضرور واپس آؤں گا,handwritten
images/handwritten/handwritten_003.png,ہوٹل کی فضا خوشگوار ہے ہوٹل کا ماحول,handwritten
images/handwritten/handwritten_004.png,خوشگوار ہے ہوٹل کا عملہ دوستانہ ہے,handwritten
images/handwritten/handwritten_005.png,ہوٹل کا سٹاف اور عملہ نہایت اچھا اور دوستانہ,handwritten
images/handwritten/handwritten_006.png,ہے ہوٹل کے کمرے صاف اور کھانا مزے کا ہے,handwritten
images/handwritten/handwritten_007.png,ہوٹل کی کھڑکی نہیں کھلتی ہوٹل میں اچھے بیڈ,handwritten
images/handwritten/handwritten_008.png,نہیں ہوٹل کا رینٹ بہت زیادہ ہے,handwritten
images/handwritten/handwritten_009.png,ہوٹل کے کمرے کے آدھے بلب چلتے ہیں,handwritten
images/handwritten/handwritten_010.png,کمرے کا پنکھا بہت گرد آلود تھا,handwritten
images/handwritten/handwritten_011.png,ہوٹل کے باتھ روم گندے تھے ہوٹل کی صفائی,handwritten
images/handwritten/handwritten_012.png,کا خیال نہیں رکھا گیا تھا میں دوبارہ نہیں آؤں گا,handwritten
images/handwritten/handwritten_013.png,ہوٹل کی چائے کا ذائقہ عجیب تھا چائے گرم نہیں تھی,handwritten
images/handwritten/handwritten_014.png,ہوٹل کا رینٹ مناسب ہے ہوٹل ٹھیک ہے,handwritten
images/handwritten/handwritten_015.png,کل ذات کافی شور ہوتا رہا میں نے شکایت بھی کی,handwritten
images/handwritten/handwritten_016.png,لیکن کوئی سٹاف کمرے میں نہ آیا اور مدد نہ کی,handwritten
images/handwritten/handwritten_017.png,ہوٹل کے کمرے میں کوڑا پڑا ہوا تھا کمرے میں,handwritten
images/handwritten/handwritten_018.png,سے بدبو آرہی تھی بیڈ پہ کچرا پڑا ہوا تھا,handwritten
images/handwritten/handwritten_019.png,میں نے دو دن پہلے کمرہ بک کروایا تھا پھر بھی ہوٹل,handwritten
images/handwritten/handwritten_020.png,جا کر آدھا گھنٹا انتظار کرنا پڑا ,handwritten
images/handwritten/handwritten_021.png,ہوٹل سٹاف دوستانہ ہے ہوٹل کے کمرے کی,handwritten
images/handwritten/handwritten_022.png,کھڑکی روشن اور بڑی ہے میں دوبارہ آؤں گا,handwritten
images/handwritten/handwritten_023.png,ہوٹل کا عملہ غیر موجود ہے ہوٹل میں کوئی بات,handwritten
images/handwritten/handwritten_024.png,سننے والا نہیں ہے ہوٹل کی سروس بہت بری ہے,handwritten
images/handwritten/handwritten_025.png,ہوٹل مینیجر کا سلوک بہترین تھا صبح کا ناشتہ مفت,handwritten
images/handwritten/handwritten_026.png,تھا میں اس ہوٹل میں دوبارہ ضرور آؤں گا,handwritten
images/handwritten/handwritten_027.png,ہوٹل کا عملہ غیر حاضر تھا ہوٹل کے برتن,handwritten
images/handwritten/handwritten_028.png,گندے اور پرانے تھے کھانا اچھا نہیں تھا,handwritten
images/handwritten/handwritten_029.png,ہوٹل کے کمرے کی صفائی کا خاص خیال رکھا گیا,handwritten
images/handwritten/handwritten_030.png,ہوٹل کا سٹاف نہایت خوشگوار ہے,handwritten
images/handwritten/handwritten_031.png,ہوٹل کا عملہ کافی دوستانہ ہے ہوٹل سے,handwritten
images/handwritten/handwritten_032.png,جھیل کا منظر خوبصورت نظر آتا ہے,handwritten
images/handwritten/handwritten_033.png,ہوٹل کا کھانا معیاری اور بہت مزے کا تھا,handwritten
images/handwritten/handwritten_034.png,ہوٹل کا اسٹاف خوشگوار اور دوستانہ تھا,handwritten
images/handwritten/handwritten_035.png,صبح کے وقت واش روم میں گرم پانی نہیں آرہا تھا,handwritten
images/handwritten/handwritten_036.png,میں نے گرم پانی کے لیے ہوٹل کا رینٹ زیادہ دیا,handwritten
images/handwritten/handwritten_037.png,ہوٹل کا سٹاف اور عملہ نہایت دوستانہ ہے ,handwritten
images/handwritten/handwritten_038.png,مجھے ہر قسم کی سہولت فراہم کی گئی,handwritten
images/handwritten/handwritten_039.png,ہوٹل جھیل کنارے واقع ہے ہوٹل کا منظر,handwritten
images/handwritten/handwritten_040.png,خوبصورت ہے ہوٹل سٹاف کا رویہ اچھا ہے ,handwritten
images/handwritten/handwritten_041.png,ہوٹل کا عملہ بہت اچھا تھا ہوٹل صاف تھا ہوٹل کا کمرہ,handwritten
images/handwritten/handwritten_042.png,کھلا اور روشن تھا کمرے کی صفائی کا خاص خیال تھا,handwritten
images/handwritten/handwritten_043.png,میں نے دو دن پہلے بکنگ کروائی تھی لیکن اس,handwritten
images/handwritten/handwritten_044.png,کے باوجود میرا کمرہ کسی اور کو دے دیا گیا,handwritten
images/handwritten/handwritten_045.png,ہوٹل کی سروس نہایت خراب ہے صفائی کا کوئی,handwritten
images/handwritten/handwritten_046.png,خیال نہیں ہوٹل کے کمرے چھوٹے ہیں,handwritten
images/handwritten/handwritten_047.png,ہوٹل کی کھڑکی نہیں کھلتی صبح کے وقت گرم پانی,handwritten
images/handwritten/handwritten_048.png,نہیں آتا ہوٹل کے کمرے تنگ ہیں,handwritten
images/handwritten/handwritten_049.png,ہوٹل میں عملہ موجود نہ تھا ہوٹل کے کمرے روشن,handwritten
images/handwritten/handwritten_050.png,تھے ہوٹل میں گرم پانی نہ تھا,handwritten
images/handwritten/handwritten_051.png,ہوٹل میں صفائی کا خاص خیال رکھا گیا ہے,handwritten
images/handwritten/handwritten_052.png,میری کوئی شکایت نہیں ہے میں پھر آؤں گا,handwritten
images/handwritten/handwritten_053.png,شام کے وقت چائے کا آڈر دیا تھا لیکن چائے پھر,handwritten
images/handwritten/handwritten_054.png,بھی نہ آئی ہوٹل کا عملہ سست ہے,handwritten
images/handwritten/handwritten_055.png,ہوٹل میں میری تمام ضروریات کا خیال رکھا,handwritten
images/handwritten/handwritten_056.png,گیا ہوٹل کا سٹاف قابل اور اچھا ہے ,handwritten
images/handwritten/handwritten_057.png,ہوٹل کی بلڈنگ کافی پرانی ہے ہوٹل میں گرم,handwritten
images/handwritten/handwritten_058.png,پانی کی سہولت موجود نہیں ہے,handwritten
images/handwritten/handwritten_059.png,ہوٹل کا کھانا مزے کا تھا ہمیں مفت میں چاہے,handwritten
images/handwritten/handwritten_060.png,بھی پلائی گئی سٹاف نہایت دوستانہ ہے,handwritten
images/handwritten/handwritten_061.png,ہوٹل کا واش روم صاف نہیں تھا ہوٹل کا کوئی,handwritten
images/handwritten/handwritten_062.png,خیال نہیں رکھا گیا تھا رینٹ بہت زیادہ ہے,handwritten
images/handwritten/handwritten_063.png,ہوٹل کا عملہ دوستانہ ہے ہمارا سامان گاڑی سے,handwritten
images/handwritten/handwritten_064.png,کمرے تک پہنچا دیا گیا ہمیں مفت میں چائے پلائی,handwritten
images/handwritten/handwritten_065.png,ہوٹل بہت عمدہ ہے حملہ بہت اچھا ہے سٹاف کا,handwritten
images/handwritten/handwritten_066.png,رویہ دوستانہ ہے کمرے صاف اور روشن ہیں,handwritten
images/handwritten/handwritten_067.png,ہوٹل کا سٹاف اچھا نہیں ہے ہمیں بہت انتظار,handwritten
images/handwritten/handwritten_068.png,کروایا میں دوبارہ اس ہوٹل میں نہیں آؤں گا,handwritten
images/handwritten/handwritten_069.png,میں نے ہوٹل میں دو کمروں کی بکنگ کروائی,handwritten
images/handwritten/handwritten_070.png,ہوٹل آکر مجھے صرف ایک کمرہ دیا گیا,handwritten
images/handwritten/handwritten_071.png,ہوٹل دیکھنے میں بہت خوبصورت ہے ہوٹل کا,handwritten
images/handwritten/handwritten_072.png,احاطہ کافی بڑا ہے ہوٹل کا کھانا لذیذ ہے,handwritten
images/handwritten/handwritten_073.png,ہوٹل کا کھانا مز کا تھا ہوٹل کا کھانا,handwritten
images/handwritten/handwritten_074.png,معیاری تھا ہوٹل کا ماحول خوشگوار تھا,handwritten
images/handwritten/handwritten_075.png,ہوٹل کی پارکنگ بہت بڑی ہے ہوٹل کی سکیوڑٹی,handwritten
images/handwritten/handwritten_076.png,کا نظام بہت اچھا ہے ہوٹل کا کھانا عمدہ ہے,handwritten
images/handwritten/handwritten_077.png,ہوٹل کی سہولیات رینٹ کے مطابق کم ہیں,handwritten
images/handwritten/handwritten_078.png,ہوٹل کا رینٹ بہت زیادہ ہے,handwritten
images/newspaper/newspaper_1.png,"وینزویلا میں پانچ روز قبل یکے بعد دیگرے آنے والے شدید زلزلوں میں مرنے والوں کی تعداد 1400 سے بڑھ گئی ہے وہیں ملبے تلے دبے افراد کے زندہ بچنے کی امید دم توڑنے لگی ہے اور ہلاک شدگان کی تعداد میں بڑے اضافے کا خدشہ ظاہر کیا جا رہا ہے۔
بدھ کو ملک کے شمالی حصے میں آنے والے ان زلزلوں سے دارالحکومت کراکس سمیت بڑے علاقے میں عمارتیں تباہ ہوئیں جن کے ملبے تلے دبے افراد کی تلاش کا عمل جاری ہے۔ اتوار کو ملبے سے 33 افراد کو زندہ نکالا گیا۔
ایک برطانوی ریسکیو اہلکار کے مطابق ایسے حالات میں متاثرین کے زندہ نکلنے کی مدت 96 گھنٹے تک سمجھی جاتی ہے جو اتوار کی شام ختم ہو گئی اور اب امدادی کارکنوں کو 'معجزات' کی امید ہے۔
تلاش اور بچاؤ کے عمل میں حصہ لینے کے لیے غیر ملکی ٹیموں کی وینزویلا آمد کا سلسلہ بھی جاری ہے۔ ایک اعلیٰ سرکاری عہدیدار نے بتایا کہ سینکڑوں بین الاقوامی امدادی کارکن وینزویلا پہنچ چکے ہیں جبکہ مزید کی آمد متوقع ہے تاہم ملبہ اٹھانے کے لیے درکار مشینری کی قلت ایک بڑا مسئلہ بن کر سامنے آئی ہے۔",newspaper
images/newspaper/newspaper_2.png,"تلاش اور بچاؤ کے عمل میں حصہ لینے کے لیے غیر ملکی ٹیموں کی وینزویلا آمد کا سلسلہ بھی جاری ہے۔ ایک اعلیٰ سرکاری عہدیدار نے بتایا کہ سینکڑوں بین الاقوامی امدادی کارکن وینزویلا پہنچ چکے ہیں جبکہ مزید کی آمد متوقع ہے تاہم ملبہ اٹھانے کے لیے درکار مشینری کی قلت ایک بڑا مسئلہ بن کر سامنے آئی ہے۔
حکام کا کہنا ہے کہ اس قدرتی آفت کے نتیجے میں چار ہزار سے زیادہ افراد زخمی بھی ہوئے ہیں۔ وینزویلا میں حکومت کی جانب سے تاحال لاپتہ افراد کی تعداد کے بارے میں معلومات فراہم نہیں کی گئیں تاہم زلزلے کے بعد لاپتہ ہونے والے افراد کے بارے میں معلومات جمع کرنے والی ایک نجی ویب سائٹ کے مطابق 46 ہزار افراد ایسے ہیں جن کا زلزلے کے بعد اپنے اہلخانہ سے رابطہ نہیں ہوا ہے۔",newspaper
images/newspaper/newspaper_3.png,"کراکس میں موجود بی بی سی کی یوگیتا لمائے کے مطابق ہسپتالوں کی بیرونی دیواریں لاپتہ افراد کی تصاویر سے بھرتی جا رہی ہیں۔
زلزلوں کے فوراً بعد امریکی ارضیاتی سروے نے زلزلے کی شدت اور متاثرہ علاقے کی آبادی کے حساب سے اندازہ لگایا تھا کہ مرنے والوں کی تعداد دس ہزار سے ایک لاکھ کے درمیان ہو سکتی ہے۔
امریکی ارضیاتی سروے (یو ایس جی ایس) کے مطابق بدھ کے روز آنے والے پہلے زلزلے کی شدت 7.2 تھی اور اس کے چند ہی سیکنڈ بعد اس سے بھی زیادہ طاقتور 7.5 شدت کا دوسرا زلزلہ آیا۔",newspaper
images/newspaper/newspaper_4.png,"لاگوائیرا میں ناتاشا دیاز نے بی بی سی کو بتایا کہ ان کی دو بیٹیاں، جن کی عمریں 22 اور 23 برس ہیں، ایک منہدم شاپنگ سینٹر کے ملبے تلے دبی ہوئی ہیں۔ وہ دونوں وہاں کام کرتی تھیں۔
انہوں نے بتایا کہ 'وہ اپنے دوستوں کے ساتھ تھیں۔ میں صرف یہ چاہتی ہوں کہ وہ مل جائیں۔ مجھے یقین اور امید ہے کہ وہ وہیں ہیں۔'
'میں صرف انہیں واپس اپنے پاس دیکھنا چاہتی ہوں۔ وہ ہی میرا سب کچھ ہیں۔'
قائم مقام صدر ڈیلسی روڈریگز نے جمعے کو ایک ٹی وی بریفنگ میں کہا کہ درجنوں افراد کو زندہ نکال لیا گیا، جو 'ہمارے لیے باعثِ خوشی ہے کہ وہ اپنے خاندان اور پیاروں سے دوبارہ مل سکے۔'
انہوں نے مزید بتایا کہ ابتدائی زلزلوں کے بعد سے 214 آفٹر شاکس آ چکے ہیں۔",newspaper
images/newspaper/newspaper_5.png,"امدادی کارروائیوں میں مدد کے لیے کئی ممالک نے تعاون کی پیشکش کی ہے، جن میں امریکہ کی جانب سے 15 کروڑ ڈالر کی امداد کا اعلان بھی شامل ہے۔
ہورخے روڈریگز کے مطابق 250 عمارتیں مکمل طور پر تباہ ہو گئی ہیں یا انھیں شدید نقصان پہنچا۔ ان میں سے بیشتر عمارتیں لاگوائیرا میں واقع تھیں جہاں بی بی سی نے ایک 10 منزلہ ہوٹل کے ملبے میں تبدیل ہونے کی ویڈیو کی تصدیق کی۔
وزیر داخلہ دیوسدادو کابیلو کا کہنا ہے کہ دارالحکومت کراکس میں بھی کئی عمارتیں منہدم ہوئی ہیں جبکہ تروخیلو، یاراکوئے، کارابوبو، اراگوا اور میرانڈا کی ریاستیں بھی زلزلے سے متاثر ہوئی ہیں۔",newspaper
images/newspaper/newspaper_6.png,"اس وقت ایران کا کوئی اعلیٰ سطحی نمائندہ دوحہ میں موجود نہیں: قطر
قطر کا کہنا ہے کہ ڈونلڈ ٹرمپ کے اعلیٰ سطحی نمائندے دوحہ میں موجود ہیں لیکن ایران اور امریکہ کے درمیان کسی اعلیٰ سطح کی ملاقات کی منصوبہ بندی نہیں کی گئی ہے۔
قطر کی وزارتِ خارجہ کے ترجمان ماجد انصاری نے کہا کہ سٹیو وٹکف اور جیرڈ کشنر ثالثوں سے ملاقاتات اور 'علاقائی امور' پر بات چیت کے لیے دوحہ آئے ہیں۔
انہوں نے کہا کہ یہ بات چیت ایران اور دیگر موضوعات جیسے لبنان کی صورتحال کے بارے میں ہوگی۔
انصاری کے مطابق، فی الحال ایران کا کوئی اعلیٰ سطحی نمائندہ قطر میں موجود نہیں ہے اور انہوں نے زور دے کر کہا کہ ڈونلڈ ٹرمپ کے نمائندے ایران کے ساتھ مذاکرات کے لیے دوحہ نہیں آئے ہیں: 'جہاں تک مجھے علم ہے، آنے والے دنوں میں دونوں فریقوں کے درمیان کسی براہِ راست اجلاس کی منصوبہ بندی نہیں کی گئی ہے۔",newspaper
images/newspaper/newspaper_7.png,"بریکنگ بیڈ اور بیٹر کال سول جیسے شوز سے شہرت کی بلندیوں پر پہنچنے والے اداکار جیان کارلو ایسپوزیٹو کی ایک ویڈیو سوشل میڈیا پر گردش کر رہی ہے، جس میں وہ نماز ادا کرتے ہوئے نظر آ رہے ہیں۔
سعودی عرب کی جنرل انٹرٹینمنٹ اتھارٹی کے چیئرمین ترکی الشیخ نے بھی یہ ویڈیو شیئر کر کے دعویٰ کیا کہ جیان کارلو نے اسلام قبول کر لیا ہے۔
21 جون کو ترکی الشیخ نے سوشل میڈیا پلیٹ فارم ایکس پر جیان کارلو کی ایک ویڈیو پوسٹ کی تھی جس میں وہ چار مزید مردوں کے ساتھ نماز پڑھتے ہوئے نظر آ رہے تھے۔
انہوں نے لکھا کہ مووی اور بریکنگ بیڈ کے سٹار جینکاملو ایسپوزیٹو نے کلمہ شہادت پڑھا اور انہوں نے گزشتہ روز مسجد میں عملے کے ساتھ نماز پڑھی ہے۔
ترکی الشیخ کے مطابق 'سعودی عرب میں فلم بندی کے دوران مسلمانوں کے ساتھ وقت گزارنے سے وہ خود کو پُرسکون محسوس کرنے لگے۔ یہ ویڈیو کل کی ہے جس میں وہ صالح کمپنی کے ملازمین کے ساتھ نظر آ رہے ہیں۔'",newspaper
images/newspaper/newspaper_8.png,لاہور: قانون نافذ کرنے والے ادارے تقریباً تین ماہ گزرنے کے باوجود تحریک لبیک پاکستان کے سربراہ سعد حسین رضوی اور ان کے بھائی انس رضوی کے ٹھکانے کے بارے میں لاعلم ہیں۔,newspaper
images/newspaper/newspaper_9.png,ڈان اخبار میں شائع خبر کے مطابق یہ معاملہ چند روز قبل اس وقت دوبارہ سامنے آیا جب کالعدم مذہبی تنظیم سے منسوب ایک مبینہ بیان سوشل میڈیا پر گردش کرنے لگا، جس میں دعویٰ کیا گیا کہ دونوں بھائی ریاستی اداروں کی تحویل میں ہیں۔,newspaper
images/newspaper/newspaper_10.png,تاہم قانون نافذ کرنے والے سینئر حکام اپنے پہلے مؤقف پر قائم ہیں اور ان کا کہنا ہے کہ دونوں بھائی آزاد جموں و کشمیر میں کہیں چھپے ہوئے ہیں۔ ان کے مطابق رضوی برادران اس دن فرار ہوئے جب پنجاب پولیس نے مریدکے میں جی ٹی روڈ پر قائم ٹی ایل پی کے احتجاجی کیمپ کو ختم کرنے کے لیے علی الصبح آپریشن کیا تھا۔,newspaper
images/newspaper/newspaper_11.png,ایک سینئر افسر نے ڈان سے بات کرتے ہوئے کہا کہ وہ یقین سے کہہ سکتے ہیں کہ سعد اور انس کسی بھی سیکیورٹی ادارے کی تحویل میں نہیں اور تاحال آزاد کشمیر میں موجود ہیں۔,newspaper
images/newspaper/newspaper_12.png,ان کے بقول غالب امکان ہے کہ وہ کالعدم تنظیم کے کسی وفادار کارکن کے پاس پہاڑی علاقوں میں پناہ لیے ہوئے ہیں۔ انہوں نے مبینہ ٹی ایل پی بیان کو جھوٹا، مضحکہ خیز اور خود ساختہ قرار دیا۔,newspaper
images/newspaper/newspaper_13.png,"امریکی صدر ڈونلڈ ٹرمپ نے کہا ہے کہ ایران کی قیادت نے فوجی کارروائی کی دھمکیوں کے بعد مذاکرات کے لیے رابطہ کیا ہے۔
ایئر فورس ون میں اتوار کو صحافیوں سے گفتگو کرتے ہوئے ڈونلڈ ٹرمپ نے بتایا کہ ایران کے رہنماؤں نے گزشتہ روز فون کیا اور ایک ملاقات طے کی جا رہی ہے۔ ان کے مطابق ایران مذاکرات چاہتا ہے تاہم انہوں نے خبردار کیا کہ ممکن ہے ملاقات سے پہلے ہی ہمیں کارروائی کرنا پڑے۔",newspaper
images/newspaper/newspaper_14.png,"بھارت کا 8 ماہ میں دوسرا خلائی مشن ناکام
انڈین اسپیس ریسرچ آرگنائزیشن کے مشن کنٹرول نے بتایا کہ راکٹ نے پرواز کے بیشتر حصے میں معمول کے مطابق کام کیا تاہم اس کے بعد ایک غیر متوقع خلل سامنے آیا اور راکٹ اپنے راستے سے بھٹک گیا۔",newspaper
images/newspaper/newspaper_15.png,"پنجاب میں اسپتال عملے کیلئے 'باڈی کیمرے' لازمی قرار، طبی حلقوں میں تشویش کی لہر
حکام اور طبی عملے کا اقدام کو مریضوں کی رازداری اور بنیادی حقوق کی خلاف ورزی قرار دیتے ہوئے شدید احتجاج",newspaper
images/newspaper/newspaper_16.png,"جامعہ دارالعلوم کراچی میں وفاق المدارس کے مشترکہ انتخابی اجلاس میں مفتی محمد تقی عثمانی دوسری بار وفاق المدارس کے بلا مقابلہ صدر منتخب ہوگئے۔
اعلامیہ کے مطابق مولانا محمد حنیف جالندھری مسلسل ساتویں مرتبہ بلا مقابلہ ناظمِ اعلیٰ منتخب ہوئے، مولانا فضل الرحمٰن نے صدر کے لیے مفتی تقی عثمانی کا نام پیش کیا۔
مولانا فضل الرحمٰن نے ناظمِ اعلیٰ کے لیے مولانا حنیف جالندھری کا نام پیش کیا، اجلاس میں ایک ہزار سے زائد ارکان نے اتفاقِ رائے سے قیادت پر اعتماد کا اظہار کیا۔
اعلامیے کے مطابق مفتی تقی عثمانی، مولانا حنیف جالندھری 5 برس وفاق المدارس کی قیادت کریں گے۔
مولانا فضل الرحمٰن کی وفاق المدارس کے نو منتخب عہدیداران کو مبارکباد دیتے ہوئے کہا کہ نئی قیادت مدارس کے اتحاد اور اسلامی اقدار کے فروغ کے لیے مؤثر کردار ادا کرے گی، کامیاب تحریکیں اصول، حکمتِ عملی اور واضح پالیسی پر آگے بڑھتی ہیں، اختلافِ رائے کو احترام، دلیل اور مکالمے کے دائرے میں رہنا چاہیے۔",newspaper
images/newspaper/newspaper_17.png,"پاکستان اور انڈیا کے درمیان 'ٹریک ٹو سفارتکاری' اور شہباز، مودی کے نام خط: اب تک کیا ہوا؟
پاکستانی اور انڈین شخصیات کے درمیان ٹریک ٹو ملاقاتوں اور وزرائے اعظم کو لکھے گئے خط کے حوالے سے پاکستان کا کہنا ہے کہ وہ 'جنوبی ایشیا میں امن اور سلامتی کے امور پر امریکی شمولیت کا خیرمقدم کرے گا۔' ادھر انڈین حکمران جماعت بی جے پی کے ترجمان نے تنقید کرتے ہوئے کہا کہ 'آپریشن سندور جاری ہے۔۔۔ ایسے وقت میں کچھ لوگ پاکستان سے مذاکرات کی بات کر رہے ہیں۔'",newspaper
images/signboard/signboard_1.jpeg,فیض آباد اسٹیشن Faizabad Station ELEVATOR,signboard
images/signboard/signboard_2.jpeg,لَیْسَ لِلْاِنْسَانِ اِلَّا مَا سَعٰی انسان کو وہی ملتا ہے جس کی وہ سعی (کوشش) کرتا ہے (القرآن),signboard
images/signboard/signboard_3.jpeg,ملتان روڈ Multan Road سکیم موڑ Scheme Morr گلشن اقبال پارک Gulshan-e-Iqbal Park سمن آباد Samanabad,signboard
images/signboard/signboard_4.jpeg,گاؤں کمالپورہ تحصیل و ضلع قصور,signboard
images/signboard/signboard_5.png,پارک میں جانور لانا منع ہے,signboard
images/signboard/signboard_6.png,چترال Chitral دیر Dir,signboard
images/signboard/signboard_7.png,پولیس اسٹیشن ہنہ,signboard
images/signboard/signboard_8.png,بس کہ دشوار ہے ہر کام کا آساں ہونا آدمی کو بھی میسر نہیں انساں ہونا,signboard
images/signboard/signboard_9.jpeg,پھول توڑنا منع ہے حسبِ دل,signboard
images/signboard/signboard_10.jpeg,چرس یا محبت؟؟,signboard
images/signboard/signboard_11.jpeg,یہاں سے کوئی راستہ نہیں ہے۔,signboard
images/signboard/signboard_12.jpeg,گورنمنٹ گرلز ہائی اسکول سسرال,signboard
images/signboard/signboard_13.jpeg,نگاہیں نہ پھیرو چلے جائیں گے ہم مگر یاد رکھنا یاد آئیں گے ہم,signboard
images/signboard/signboard_15.jpeg,گورنمنٹ مسلم سکول محلہ حافظ آباد محلہ بابو گلاب,signboard
images/printed_word/printed_0001.png,جماعتیں تمام اپنے اپنے مفادات حصول میں لگے ہوئے ہیں،,clean_printed_dataset
images/printed_word/printed_0002.png,کارکردگی متاثر ہوئی۔گورنمنٹ پی ای سی ایچ ایس کالج کی,clean_printed_dataset
images/printed_word/printed_0003.png,اسے سزائے موت یا عمر قید کی سزا دی جائے,clean_printed_dataset
images/printed_word/printed_0004.png,کہ یہ پل کراچی کا طویل ترین تقریباً پونے دوکلومیٹر,clean_printed_dataset
images/printed_word/printed_0005.png,ہی حق ہے جتنا کہ دنیا کے کسی دوسرے فرد,clean_printed_dataset
images/printed_word/printed_0006.png,ہے۔ اس موقع پر ایم کیو ایم رابطہ کمیٹی نے,clean_printed_dataset
images/printed_word/printed_0007.png,شاہ رخ مرکزی کردار ادا کررہے ہیں جبکہ فلم ”مرڈر,clean_printed_dataset
images/printed_word/printed_0008.png,کر بسوں سے اتار کر مہاجروں کا قتل عام کیا,clean_printed_dataset
images/printed_word/printed_0009.png,نے کہا ہے کہ برطانیہ کی پاکستانی کمیونٹی میں مسلم,clean_printed_dataset
images/printed_word/printed_0010.png,تین حملے ہو چکے ہیں۔ انہوں نے کہا کہ وہ,clean_printed_dataset
images/printed_word/printed_0011.png,ملک پروازوں پر کچھ عرصے کیلئے لو فےئر بھی بند,clean_printed_dataset
images/printed_word/printed_0012.png,کے مطابق صدر اور آرمی چیف نے دفاع کے شعبے,clean_printed_dataset
images/printed_word/printed_0013.png,والی شراب کی مالیت 45 کروڑ (450 ملین) روپے ہے,clean_printed_dataset
images/printed_word/printed_0014.png,گھر نہیں ہے جس نے کوئی لخت جگر نہ کھویا,clean_printed_dataset
images/printed_word/printed_0015.png,میں نے شروع دن سے ہی قرآن مجید اور سرکاردوعالمﷺ,clean_printed_dataset
images/printed_word/printed_0016.png,یہاں سے جدید علوم ٹیکنالوجی سیکھ کر اپنے وطن کی,clean_printed_dataset
images/printed_word/printed_0017.png,کانفرنس میں کہا گیا ہے کہ اسلام کا نظام حکومت,clean_printed_dataset
images/printed_word/printed_0018.png,خلاف ورزی کرنے والوں کے خلاف کارروائی کی سماعت نہیں,clean_printed_dataset
images/printed_word/printed_0019.png,سوا دو لاکھ گانٹھوں کا قلیل اسٹاک موجود ہے تاہم,clean_printed_dataset
images/printed_word/printed_0020.png,کلب کرکٹ ٹورنامنٹ کی فاتح ٹیم پیٹرنز ٹرافی میں حصہ,clean_printed_dataset
images/printed_word/printed_0021.png,صدر عاصمہ جہانگیر سے سوال کرتے ہیں کہ وہ قوم,clean_printed_dataset
images/printed_word/printed_0022.png,کہ برطانیہ پاکستان کے ساتھ اپنے تعلقات کو قدر کی,clean_printed_dataset
images/printed_word/printed_0023.png,لیا۔ 54 فیصد والدین کا کہنا ہے کہ ان کی,clean_printed_dataset
images/printed_word/printed_0024.png,کے ایک مشترکہ اجلاس سے خطاب کریں گے اور روزگار,clean_printed_dataset
images/printed_word/printed_0025.png,اور اب کیس ختم ہونے کے بعد انہوں نے ایک,clean_printed_dataset
images/printed_word/printed_0026.png,داماد محمد صدیق جو دواؤں کی ایک کمپنی میں افسر,clean_printed_dataset
images/printed_word/printed_0027.png,صحافت سے وابستہ ہر فرد آج میر خلیل الرحمن مرحوم,clean_printed_dataset
images/printed_word/printed_0028.png,رئیسانی نے کٹی پہاڑی سے دہشت گردوں کی گرفتاری کا,clean_printed_dataset
images/printed_word/printed_0029.png,رقم واپس کی گئی ہے۔کامران خان نے ریلوے کیس کے,clean_printed_dataset
images/printed_word/printed_0030.png,گو گروپ کے محمود فاروقی اور دانش حسین نے ایک,clean_printed_dataset
images/printed_word/printed_0031.png,ڈالر) کے مقابلے میں 761.23 ملین ڈالر یا 16.80 فیصد,clean_printed_dataset
images/printed_word/printed_0032.png,اداکاراظفر رحمان مہمان ہوں گے، ان کے ساتھ پاکستان فلم,clean_printed_dataset
images/printed_word/printed_0033.png,مشن ایک ویژن اور اتحاد ضروری ہے۔یہ بات واضح ہے,clean_printed_dataset
images/printed_word/printed_0034.png,کی لعنت جو ملک کیلئے سب سے بڑا چیلنج بن,clean_printed_dataset
images/printed_word/printed_0035.png,فنانشل پریشر والدین اور جوڑوں کو اعصابی تناؤ اور دباؤ,clean_printed_dataset
images/printed_word/printed_0036.png,بھر کے علماء و مشائخ خطاب کرینگے، جبکہ بدھ 7,clean_printed_dataset
images/printed_word/printed_0037.png,چھت کے پنکھے سے لٹکی ہوئی ملی۔ مرحومہ کے شوہر,clean_printed_dataset
images/printed_word/printed_0038.png,بنایا جو رنبیر کپور کا ہے۔,clean_printed_dataset
images/printed_word/printed_0039.png,جماعت کے صدر عبدالستار سوریا، جنرل سیکریٹری عبدالرزاق ویانی، عبدالستار,clean_printed_dataset
images/printed_word/printed_0040.png,جاوید اقبال سپریم کورٹ کے اس بنچ کی سربراہی کر,clean_printed_dataset
images/printed_word/printed_0041.png,محمد سعید شفیق نے اپنے بیان میں وفاقی وزیر داخلہ,clean_printed_dataset
images/printed_word/printed_0042.png,بھی قسم کی ”سٹی ڈسٹرکٹ گورنمنٹ“ کی کوڑا اٹھانے والی,clean_printed_dataset
images/printed_word/printed_0043.png,بہت بڑی تعداد نے خود کو بڑے آپریشن کے لئے,clean_printed_dataset
images/printed_word/printed_0044.png,چاہئے کہ وہ کرکٹ کی بہتری کیلئے جلد از جلد,clean_printed_dataset
images/printed_word/printed_0045.png,اسی طرح آصف زرداری پر کون سا مقدمہ نہیں قائم,clean_printed_dataset
images/printed_word/printed_0046.png,توانہوں نے مختصراً کہا کہ ہم مولاناکی بہت عزت اور,clean_printed_dataset
images/printed_word/printed_0047.png,لانے میں مزید دیر کی گئی تو معیشت کو مستقبل,clean_printed_dataset
images/printed_word/printed_0048.png,کر دیں تھیں، یہ نظام تقریبا تیس دن چلا، 6اگست,clean_printed_dataset
images/printed_word/printed_0049.png,ہیں جو اسلام کی تعلیمات کی کھلی نفی کے زمرے,clean_printed_dataset
images/printed_word/printed_0050.png,ممالک (بشمول بحرین، کویت، قطر اور سلطنت عمان)، برطانیہ اور,clean_printed_dataset
images/printed_word/printed_0051.png,جبکہ ای سی ایل کے قوانین کے مطابق یہ اختیار,clean_printed_dataset
images/printed_word/printed_0052.png,علاوہ کراچی کی متعدد سماجی وفلاحی تنظیموں کے عہدیداران واراکین,clean_printed_dataset
images/printed_word/printed_0053.png,میں انٹر پری میڈیکل کے سالانہ امتحانات میں پوزیشن حاصل,clean_printed_dataset
images/printed_word/printed_0054.png,زخمی کرنے والے ملک دشمن عناصر کسی رعایت کے مستحق,clean_printed_dataset
images/printed_word/printed_0055.png,ڈھاکا (جنگ نیوز) ورلڈ کپ ٹرافی جمعرات کا ڈھاکا پہنچے,clean_printed_dataset
images/printed_word/printed_0056.png,کمال جیو کے پروگرام ” آج کامران خان کے ساتھ,clean_printed_dataset
images/printed_word/printed_0057.png,پبلک اکاؤنٹس کمیٹی کے علاوہ وفاقی اور صوبائی سطح پر,clean_printed_dataset
images/printed_word/printed_0058.png,کی گئی جس کے مطابق علی اصغر ہنگورو ڈی او,clean_printed_dataset
images/printed_word/printed_0059.png,کی حقیقی جی ڈی پی نمو 2 سے 3 فیصد,clean_printed_dataset
images/printed_word/printed_0060.png,جائے گا جبکہ نرسری سے رائٹ ٹرن محمود آباد کی,clean_printed_dataset
images/printed_word/printed_0061.png,گرفتار شدہ ملزمان سے تحقیقات کی جارہی ہے۔ کراچی میں,clean_printed_dataset
images/printed_word/printed_0062.png,کر پاکستان کو بچانے کیلئے ایک ہوجائیں۔ صدر شہزاد ایوب,clean_printed_dataset
images/printed_word/printed_0063.png,علا وہ ممبران مقصود احمد خان‘ محمد اکرام راجپوت‘ شاہد,clean_printed_dataset
images/printed_word/printed_0064.png,سندھ جانے کیلئے ہمیں صدر زرداری کی اجازت کی ضرورت,clean_printed_dataset
images/printed_word/printed_0065.png,بعد فروری کے دوران 2.49 بلین ڈالر تک پہنچ گئیں,clean_printed_dataset
images/printed_word/printed_0066.png,حکومت عظیم تر علاقائی تعاون پر غور کررہے ہیں، اس,clean_printed_dataset
images/printed_word/printed_0067.png,میں لیا ہے، مجموعی طور پر ایف آئی اے1ارب77لاکھ کی,clean_printed_dataset
images/printed_word/printed_0068.png,میں جب کے ڈی اے کو سٹی گورنمنٹ میں ضم,clean_printed_dataset
images/printed_word/printed_0069.png,تو عدالت کسی سے رعایت نہیں برتے گی۔ چیف جسٹس,clean_printed_dataset
images/printed_word/printed_0070.png,کے لئے ہے۔ یہ منصوبہ ایشیائی بینک کے کلین انرجی,clean_printed_dataset
images/printed_word/printed_0071.png,کئے گئے جن میں اسلحہ لایا گیا تھا۔ ہم سوال,clean_printed_dataset
images/printed_word/printed_0072.png,2006 میں سیاسی پناہ کے ساڑھے چار لاکھ در خواست,clean_printed_dataset
images/printed_word/printed_0073.png,کے جوڈیشل ریمانڈ پر جیل بھیجنے کا حکم دیدیا ہے,clean_printed_dataset
images/printed_word/printed_0074.png,بھارت اور پاکستان کے درمیان مذاکرات سے مسئلہ کشمیر حل,clean_printed_dataset
images/printed_word/printed_0075.png,ڈھاکہ ( جنگ نیوز) بھارتی وزیراعظم منموہن سنگھ نے کہا,clean_printed_dataset
images/printed_word/printed_0076.png,رچالیں گے۔ ہمارا پروگرام اپنی فلم ”ایجنٹ ونود“ کی ریلیز,clean_printed_dataset
images/printed_word/printed_0077.png,سب سے بڑی بندرگاہ ڈوور پر آنے والی برطانوی رجسٹریشن,clean_printed_dataset
images/printed_word/printed_0078.png,(جولائی۔ مارچ 2011ء ) کے دوران متحدہ عرب امارات، سعودی,clean_printed_dataset
images/printed_word/printed_0079.png,باعث پاکستان ایک مشکل دور سے گزر رہا ہے تاہم,clean_printed_dataset
images/printed_word/printed_0080.png,ترقی پر مثبت اثرات مرتب ہوں گے۔,clean_printed_dataset
images/printed_word/printed_0081.png,تنظیمی امور کے علاوہ کراچی میں بدامنی، ٹارگٹ کلنگ، بھتہ,clean_printed_dataset
images/printed_word/printed_0082.png,گزرنے کے باوجود اب ہولو کاسٹ سے بچ جانے والے,clean_printed_dataset
images/printed_word/printed_0083.png,صداقت کی تصدیق نہیں کرسکا۔دوسری جانب چین کی وزارت خارجہ,clean_printed_dataset
images/printed_word/printed_0084.png,بھی وہی بات درج ہے جو 1980ء میں اس سیکشن,clean_printed_dataset
images/printed_word/printed_0085.png,کرام کے حوالے سے قرآن کریم کے حوالہ جات بھی,clean_printed_dataset
images/printed_word/printed_0086.png,کر رہی ہیں۔ انہوں نے کہا کہ بھارت کیا دنیا,clean_printed_dataset
images/printed_word/printed_0087.png,کی لوڈشیڈنگ کیخلاف مظاہرہ کیا۔ پولیس تشدد سے ایک نوجوان,clean_printed_dataset
images/printed_word/printed_0088.png,ملک میں بسنے والی تمام اقلیتوں اور تمام دیگر مذاہب,clean_printed_dataset
images/printed_word/printed_0089.png,"ای ہیں۔ گروپ کے سٹاف کی کل تعداد 35,185 ہے",clean_printed_dataset
images/printed_word/printed_0090.png,ڈگریوں کی وجہ سے بعض ارکان منتخب ایوانوں میں پہنچنے,clean_printed_dataset
images/printed_word/printed_0091.png,مطابق وہ ملازمین جو گزشتہ دو روز کے دوران سی,clean_printed_dataset
images/printed_word/printed_0092.png,کے روزگار منصوبے میں شامل ہے۔ ان کا کہنا تھا,clean_printed_dataset
images/printed_word/printed_0093.png,اپنے بیٹے کے ساتھ رہتا تھا پولیس کے مطابق مقتول,clean_printed_dataset
images/printed_word/printed_0094.png,موومنٹ کے دوستوں کو بھی اس میں کوئی اعتراض نہیں,clean_printed_dataset
images/printed_word/printed_0095.png,گا۔ پول میچز میں پاکستان کو مسلسل دوسری شکست کا,clean_printed_dataset
images/printed_word/printed_0096.png,ہر صورت کامیاب ہونگے۔ ان کا کہنا تھا کہ پاکستان,clean_printed_dataset
images/printed_word/printed_0097.png,خیربخش مری یا سردار عطاء اللہ مینگل بھی اپنے علاقوں,clean_printed_dataset
images/printed_word/printed_0098.png,نے کہا ہے کہخوراک کی قیمتوں سے صورتحال تشویشناک ہوتی,clean_printed_dataset
images/printed_word/printed_0099.png,کی قیادت اوئن مورگن کریں گے۔,clean_printed_dataset
images/printed_word/printed_0100.png,ہاوٴس پر اختتام پذیر ہوئی۔ شرکاء نے پلے کارڈزاٹھارکھے تھے,clean_printed_dataset
images/printed_word/printed_0101.png,سے زیادہ معلومات فراہم کی جاسکیں۔,clean_printed_dataset
images/printed_word/printed_0102.png,سے دو ماہ پہلے تک آپ سربراہ تھے نہ سندھ,clean_printed_dataset
images/printed_word/printed_0103.png,کے مطابق تفتیشی ایجنسیاں تحقیقات کے دوران اس پہلو پر,clean_printed_dataset
images/printed_word/printed_0104.png,میں شامل کی گئی تھی۔ اس سیکشن کے مطابق: …,clean_printed_dataset
images/printed_word/printed_0105.png,کے رساوٴ کی کسی بھی صورتحال سے نمٹنے کیلئے محکمہ,clean_printed_dataset
images/printed_word/printed_0106.png,حسن ، شہزاد حسین ، مبشر، مبینہ خاتون زخمی ہوگئے۔,clean_printed_dataset
images/printed_word/printed_0107.png,کی گئی تو ایم کیو ایم اس کی مخالفت نہ,clean_printed_dataset
images/printed_word/printed_0108.png,پاکستانی دکان داروں کوزدوکوب کرنے کے علاوہ ان کی املاک,clean_printed_dataset
images/printed_word/printed_0109.png,ادو (جنگ نیوز) بھارت نے سارک ممالک کے لئے 455/,clean_printed_dataset
images/printed_word/printed_0110.png,2 ہزارگیلن پانی کا ٹینکر 450 روپے اور 3 ہزار,clean_printed_dataset
images/printed_word/printed_0111.png,بھی قبضہ کیا جارہا ہے۔,clean_printed_dataset
images/printed_word/printed_0112.png,میں عبدالحمید پٹھان، عزیزالرحمن خان، تابش اختر شاداب، نعیم صدیقی،,clean_printed_dataset
images/printed_word/printed_0113.png,کے دوسرے اجلاس میں ہوئی جب وفاقی وزیر داخلہ رحمن,clean_printed_dataset
images/printed_word/printed_0114.png,قیمت37.00روپے کمی سے816.00 روپے جبکہ شیزان انٹرنیشنل کے حصص کی,clean_printed_dataset
images/printed_word/printed_0115.png,جبکہ امن مذاکرات کے دوبارہ آغاز کیلئے کوششیں جاری ہیں۔اقوام,clean_printed_dataset
images/printed_word/printed_0116.png,محمد یاسین، پیٹربرا میں مظفر حسین، لیڈز میں محمد اشتیاق،,clean_printed_dataset
images/printed_word/printed_0117.png,کراچی (اسٹاف رپورٹر) گورنر سندھ ڈاکٹر عشرت العباد خان نے,clean_printed_dataset
images/printed_word/printed_0118.png,ای ڈی او ورکس اینڈ سروسز عبدالرشید مغل کے مطابق,clean_printed_dataset
images/printed_word/printed_0119.png,کے سی سی آئی کے ایسے مطالبات جن کا تعلق,clean_printed_dataset
images/printed_word/printed_0120.png,کیبنٹ میں بٹھا رہے ہیں جن لوگوں نے قائد اعظم,clean_printed_dataset
images/printed_word/printed_0121.png,کراچی(اسٹاف رپورٹر )مفتی اعظم پاکستان و چیئرمین مرکزی رویت ہلال,clean_printed_dataset
images/printed_word/printed_0122.png,سالہ پاکس، 6 سالہ زہرا، 5 سالہ سہلو، 3 سالہ,clean_printed_dataset
images/printed_word/printed_0123.png,گرام سونے کی قیمت میں 386 جبکہ فی تولہ قیمت,clean_printed_dataset
images/printed_word/printed_0124.png,کی جانب سے دھمکیاں مل رہی تھیں اور انھیں پاکستان,clean_printed_dataset
images/printed_word/printed_0125.png,کو ملک دشمن، غدار اور دہشت گرد قرار دینے کیلئے,clean_printed_dataset
images/printed_word/printed_0126.png,کلوڑ نے اس کی تقرری کی اس طرح فوتگی کھاتہ,clean_printed_dataset
images/printed_word/printed_0127.png,ہیں۔ انہوں نے کہا کہ مسلمان ممالک میں حقیقی تبدیلی,clean_printed_dataset
images/printed_word/printed_0128.png,کی گھناوٴنی سازش میں مصروف ہیں۔انٹیلی جنس رپورٹس کے مطابق,clean_printed_dataset
images/printed_word/printed_0129.png,مذموم سازش سے آگاہ کیا جائے۔,clean_printed_dataset
images/printed_word/printed_0130.png,قومی موومنٹ کے قائد الطاف حسین نے پاکستان بھر کے,clean_printed_dataset
images/printed_word/printed_0131.png,میں محکمہ کی کوئی کوتاہی شامل نہیں نہ ہی مین,clean_printed_dataset
images/printed_word/printed_0132.png,گے۔صدر نے اِس تقریر کے لئے بدھ کا دِن تجویز,clean_printed_dataset
images/printed_word/printed_0133.png,چوہدری اختر علی (سولیسٹر) نے کہا کہ پاکستانیوں کو قتل,clean_printed_dataset
images/printed_word/printed_0134.png,نے میاں نواز شریف اور ان کے ساتھیوں کی جانب,clean_printed_dataset
images/printed_word/printed_0135.png,کابینہ کے سامنے رکھے جس میں مبینہ ٹارگٹ کلرز اپنا,clean_printed_dataset
images/printed_word/printed_0136.png,کیری لوگر بل کی جس طرح کھل کر مخالفت کی,clean_printed_dataset
images/printed_word/printed_0137.png,کہ ہمارا گروپ غیر مشروط طور پر وزیراعلیٰ شہباز شریف,clean_printed_dataset
images/printed_word/printed_0138.png,دوران ڈیزل، پٹرول، مٹی کے تیل، آلو، پیاز، ٹماٹر، کورے,clean_printed_dataset
images/printed_word/printed_0139.png,کمیونٹی کی خدمات حاصل کرنے کے ساتھ ان اداروں میں,clean_printed_dataset
images/printed_word/printed_0140.png,کا عہد توڑنے کے لئے تیار ہیں۔ بھارتی وزیراعظم منموہن,clean_printed_dataset
images/printed_word/printed_0141.png,کیا۔ مشاہد حسین سید نے کہا کہ ضمنی انتخابات کے,clean_printed_dataset
images/printed_word/printed_0142.png,ملکی آبادی میں3کروڑ افراد کا اضافہ ہوا۔2000ء میں ایک لاکھ59ہزار771,clean_printed_dataset
images/printed_word/printed_0143.png,دعویٰ کیا تھا کہ26/11کے بعد انڈیا کے ساحلی دفاع کو,clean_printed_dataset
images/printed_word/printed_0144.png,بھجوایاتھا۔ اس کمیٹی نے ہائرنگ کے معاملے کاجائزہ لیکر رپورٹ,clean_printed_dataset
images/printed_word/printed_0145.png,کا سامنا وہ عدالت میں کریں گے۔ گفتگو کے دوران,clean_printed_dataset
images/printed_word/printed_0146.png,لگارہا تھا کہ کرنٹ لگنے سے جاں بحق ہوگیا جس,clean_printed_dataset
images/printed_word/printed_0147.png,بات کا بخوبی علم ہے کہ پاکستان وار آن ٹیرر,clean_printed_dataset
images/printed_word/printed_0148.png,ولولہ دکھائی نہیں دیاجوکہ ایک نمبر ون ٹیم کاہونا چاہئے۔,clean_printed_dataset
images/printed_word/printed_0149.png,میں ہوگی۔ رحمن ملک کے سسر گزشتہ ہفتے لندن میں,clean_printed_dataset
images/printed_word/printed_0150.png,عرصہ درکار ہے۔,clean_printed_dataset
images/printed_word/printed_0151.png,رججوں سمیت سب کا حق ہے کہ انہیں پلاٹس ملیں,clean_printed_dataset
images/printed_word/printed_0152.png,روزایک منٹ کے دوران تین لاکھ لوگوں نے وزٹ کیاجس,clean_printed_dataset
images/printed_word/printed_0153.png,کراچی (اسٹاف پورٹر) چیمبر آف کامرس اینڈ انڈسٹری کے صدر,clean_printed_dataset
images/printed_word/printed_0154.png,اسکولوں میں انگریزی سیکھی جاتی ہے، دوران امتحانات بجلی کی,clean_printed_dataset
images/printed_word/printed_0155.png,بیٹی یا بیٹا اس جنس کا تعین مرد کی وجہ,clean_printed_dataset
images/printed_word/printed_0156.png,گیا ہے کہ جنوبی امریکہ میں بچوں کے اندر فولک,clean_printed_dataset
images/printed_word/printed_0157.png,پر بھرپور یقین رکھتی ہے اور قائد تحریک الطاف حسین,clean_printed_dataset
images/printed_word/printed_0158.png,اور تیسرا انعام 93 سو روپے مالیت کے 1696 انعامات,clean_printed_dataset
images/printed_word/printed_0159.png,نے غیرممالک سے ہتھیاروں کی بھاری کھیپ حاصل کی تاکہ,clean_printed_dataset
images/printed_word/printed_0160.png,لوگوں کے دل جیت لئے ہیں۔ شعیب منصور کی ڈائریکشن,clean_printed_dataset
images/printed_word/printed_0161.png,ساتھ وابستہ ہو جائیں گے پاکستانی تاجروں اور بزنس مینوں,clean_printed_dataset
images/printed_word/printed_0162.png,محمدعلی ولد محمدصدیق اور عبدالرزاق ولد محمدحسین ہلاک جبکہ ایک,clean_printed_dataset
images/printed_word/printed_0163.png,کا کروڑوں روپیہ ہندوستان کے اندر انوسٹ ہو جائے گا,clean_printed_dataset
images/printed_word/printed_0164.png,محمدیوسف سلفی نے کہا ہے کہ امن و امان کی,clean_printed_dataset
images/printed_word/printed_0165.png,مل سکی جس سے یہ ملازمین شدید پریشان اور بعض,clean_printed_dataset
images/printed_word/printed_0166.png,اتنا سادہ نہیں ہے کیونکہ زرداری حکومت کوا یم کیو,clean_printed_dataset
images/printed_word/printed_0167.png,قرآن مجیدمیں اللہ تعالیٰ کافرمان بالکل واضح ہے کہ’ ترجمہ:,clean_printed_dataset
images/printed_word/printed_0168.png,رہنماؤں کو مشورہ دیا کہ وہ معاملہ کو صرف ان,clean_printed_dataset
images/printed_word/printed_0169.png,نارتھ ناظم آباد، کے ڈی اے چورنگی کے قریب بجلی,clean_printed_dataset
images/printed_word/printed_0170.png,لاہور (پ ر) متحدہ قومی موومنٹ شعبہ خواتین پنجاب کا,clean_printed_dataset
images/printed_word/printed_0171.png,ریلویز‘ مذہبی امور‘ دفاعی پیداوار‘ اقتصادی امور‘ صنعت و پیداوار‘,clean_printed_dataset
images/printed_word/printed_0172.png,گیا اور 2001کا نظام لپیٹ دیا گیا، کراچی5 اضلاع میں,clean_printed_dataset
images/printed_word/printed_0173.png,لندن (پ ر)وفاقی وزیرداخلہ رحمان ملک اور متحدہ قومی موومنٹ,clean_printed_dataset
images/printed_word/printed_0174.png,اور حیدر مقتول کے دوست ہیں پولیس مزید تفتیش کررہی,clean_printed_dataset
images/printed_word/printed_0175.png,کو نمودار ہونے والے کئی افراد سے شادی کا ڈرامہ,clean_printed_dataset
images/printed_word/printed_0176.png,میں فیملی پہلا شاک آبزرور ہوتی ہے۔ اس سروے میں,clean_printed_dataset
images/printed_word/printed_0177.png,کی فائلیں آئی ایس آئی کے پاس ہوتی ہیں اگر,clean_printed_dataset
images/printed_word/printed_0178.png,بات کو یقینی بنائے کہ اگر کوئی غلط آدمی ان,clean_printed_dataset
images/printed_word/printed_0179.png,ڈلوایا جا سکے وہ اقلیتوں کے تحفظ کی ذمہ داری,clean_printed_dataset
images/printed_word/printed_0180.png,دارالعوام کی لیژان کمیٹی کے سامنے خطاب میں کہا تھا,clean_printed_dataset
images/printed_word/printed_0181.png,بچے گی۔,clean_printed_dataset
images/printed_word/printed_0182.png,کہا گیا ہے”ایم کیو ایم صوبہ سندھ اور پنجاب کے,clean_printed_dataset
images/printed_word/printed_0183.png,جوائنٹ انویسٹی گیشن میں اعترافی بیانات کے حوالے سے کہا,clean_printed_dataset
images/printed_word/printed_0184.png,کیا۔ انہوں نے کہا کہ مذاکراتی عمل مثبت اور درست,clean_printed_dataset
images/printed_word/printed_0185.png,کی طرح پھیل چکا ہے جبکہ ناراض مظاہرین اوباما انتظامیہ,clean_printed_dataset
images/printed_word/printed_0186.png,ازاں گلے میں دوپٹے کا پھندا لگا کر پھانسی دے,clean_printed_dataset
images/printed_word/printed_0187.png,سنی اور دوسرے لوگ بھی دہشت گردی کا شکار ہوئے,clean_printed_dataset
images/printed_word/printed_0188.png,فیصلے کئے گئے ہیں اور پارٹی پالیسی کے حوالے سے,clean_printed_dataset
images/printed_word/printed_0189.png,بھی ایساکردار کرنے والوں کے لئے کوئی جگہ نہیں ہے۔,clean_printed_dataset
images/printed_word/printed_0190.png,نتیجے میں فائرنگ سے ایک نوجوان ایاز علی سولنگی ہلاک,clean_printed_dataset
images/printed_word/printed_0191.png,میر کے ساتھ گفتگو میں کیا۔ ”صدر زرداری کی وارننگ،,clean_printed_dataset
images/printed_word/printed_0192.png,میں سے ایک ٹرک اور گراؤنڈ زیرو کا 20 ٹن,clean_printed_dataset
images/printed_word/printed_0193.png,تصورکو مستردکرتا ہے۔انہوں نے فلسطینی رہنما محمود عباس کو متنبہ,clean_printed_dataset
images/printed_word/printed_0194.png,میں کہا ہے کہ ماہ دسمبر میں ایک جلسہ حیدرآباد,clean_printed_dataset
images/printed_word/printed_0195.png,کے مختلف علاقوں میں فائرنگ اور تشدد سے جمعرات کو,clean_printed_dataset
images/printed_word/printed_0196.png,میں موٹر سائیکل سوار 26 سالہ نادر ہلاک اور 25,clean_printed_dataset
images/printed_word/printed_0197.png,بسمہ معروف 44ویں نمبر پر آگئی ہیں۔,clean_printed_dataset
images/printed_word/printed_0198.png,قانون سازی کی دوسری فہرست کے تحت قائم ہے لہٰذا,clean_printed_dataset
images/printed_word/printed_0199.png,ہوں اور میری بیوی بھی بدین میں موجود ہیں، ہمیں,clean_printed_dataset
images/printed_word/printed_0200.png,کے حوالے سے جذبات کو ابھاررہے ہیں۔,clean_printed_dataset
images/printed_word/printed_0201.png,غربت کے خاتمے ، فوڈ سیکیورٹی ، انرجی سیکیورٹی ،,clean_printed_dataset
images/printed_word/printed_0202.png,کئے گئے غلط فیصلوں کی اصلاح کرے۔ پاکستان کی معاشی,clean_printed_dataset
images/printed_word/printed_0203.png,نئے ٹیلنٹ کی ضرورت ہے، بورڈکو چاہئے کہ وہ دورہ,clean_printed_dataset
images/printed_word/printed_0204.png,رکنی ثالثی گروپ کی رپورٹ کو مسترد کر دیا ہے,clean_printed_dataset
images/printed_word/printed_0205.png,از وقت ہوگا جبکہ بھارتی وزیر خارجہ ایس ایم کرشنا,clean_printed_dataset
images/printed_word/printed_0206.png,روز بعد تھیمپو بھوٹان میں اس مقصد کیلئے جمع ہورہے,clean_printed_dataset
images/printed_word/printed_0207.png,تھیں۔ شعبہ خواتین کی صدر بیگم مہوش خان نے کہا,clean_printed_dataset
images/printed_word/printed_0208.png,ہوا اجلاس میں اراکین نے رائے دی کہ این ای,clean_printed_dataset
images/printed_word/printed_0209.png,یونانی کے موجودہ بحران میں پاکستانی برادری ہی ہے جس,clean_printed_dataset
images/printed_word/printed_0210.png,پر اندھا اعتبار کر نے والوں کی آنکھیں کھولنے کے,clean_printed_dataset
images/printed_word/printed_0211.png,بجلی روزانہ پیدا کرے گا منصوبے میں اس کی تعمیر،,clean_printed_dataset
images/printed_word/printed_0212.png,کوپر نے برمنگھم میں برگلری میں اضافے کی رپورٹس کا,clean_printed_dataset
images/printed_word/printed_0213.png,سی میچ ریفری بن گئے ہیں۔ آئندہ ہفتے زمبابوے اور,clean_printed_dataset
images/printed_word/printed_0214.png,رہا ہوں اسلئے عوام ساتھ ہیں وہ بھی منظور وسان,clean_printed_dataset
images/printed_word/printed_0215.png,علاج میں کوئی کسر نہ چھوڑی جائے۔ علاوہ ازیں صدر,clean_printed_dataset
images/printed_word/printed_0216.png,عالی میں بٹی ہوئی ہے۔ پارٹی کے آخری جنرل سیکرٹری,clean_printed_dataset
images/printed_word/printed_0217.png,ایل سے نام نکالنے کا اختیار ان کے پاس ہے,clean_printed_dataset
images/printed_word/printed_0218.png,سے بہت زیادہ دور کھڑا ہے اسے ناکام ریاست قرار,clean_printed_dataset
images/printed_word/printed_0219.png,شام ساڑھے پانچ بجے تین نقاب پوش داخل ہوئے جو,clean_printed_dataset
images/printed_word/printed_0220.png,صدر ڈاکٹر ٹیرینس تھامس ٹیلر اور ڈاکٹر انور نسیم نے,clean_printed_dataset
images/printed_word/printed_0221.png,لگانا کہ اس نے سرکاردوعالمﷺ کی شان میں گستاخی کی,clean_printed_dataset
images/printed_word/printed_0222.png,بروکریج ہاؤسز، انفرادی نوعیت ،انسٹی ٹیوشنزاور لائف انشورنس کمپنیوں کے,clean_printed_dataset
images/printed_word/printed_0223.png,نے کہا کہ خوش آئند بات یہ ہے کہ اس,clean_printed_dataset
images/printed_word/printed_0224.png,اپنے کارکنوں کو اگر انا کی فنا اور ذاتی مفادات,clean_printed_dataset
images/printed_word/printed_0225.png,رانی امام کی کلیکشن لے کر یہاں آئی تھیں جنگ,clean_printed_dataset
images/printed_word/printed_0226.png,ان کا دفتر بند رہتا ہے۔ وہ بغیر کوئی کام,clean_printed_dataset
images/printed_word/printed_0227.png,آٹھویں، ڈریوڈ نویں اور ڈی ویلیئرز 10ویں نمبر پر ہیں۔,clean_printed_dataset
images/printed_word/printed_0228.png,ختم کرنا ہے جبکہ دوسری تبدیلی یہ تھی کہ اس,clean_printed_dataset
images/printed_word/printed_0229.png,کے دوسرے ممالک کو اس قسم کے بحران کا سامنا,clean_printed_dataset
images/printed_word/printed_0230.png,کے بعد ان کا سعودی عرب جانا ضروری تھا اس,clean_printed_dataset
images/printed_word/printed_0231.png,کا بنیادی تصور ہی ختم ہوگیاہے۔,clean_printed_dataset
images/printed_word/printed_0232.png,تھا کہ وہ ان الزامات کا پتہ چلائیں، لیکن مجھے,clean_printed_dataset
images/printed_word/printed_0233.png,کہ میں سمجھتا ہوں کہ میں سب سے بڑا گناہ,clean_printed_dataset
images/printed_word/printed_0234.png,احمد علی گھرکے باہر بجلی کے حصول کے لیے کنڈا,clean_printed_dataset
images/printed_word/printed_0235.png,کے تفتیشی افسر حسین اصغر کا ویزا لگ گیا ہے,clean_printed_dataset
images/printed_word/printed_0236.png,ہوئی جسے وگن انفرمری لے جایا گیا جبکہ عملے کی,clean_printed_dataset
images/printed_word/printed_0237.png,بتایا کہ میئر کے اپنے بیانات کنٹرولر کے بیانات سے,clean_printed_dataset
images/printed_word/printed_0238.png,دے دیا، وزیراعظم کے استعفے پر ملک بھر کے عوام,clean_printed_dataset
images/printed_word/printed_0239.png,مراکز میں ہونے والا اضافہ مایوس کن رہا لیکن اس,clean_printed_dataset
images/printed_word/printed_0240.png,خطاب کر رہے تھے جس میں ان سے امریکہ کی,clean_printed_dataset
images/printed_word/printed_0241.png,جنگ زدہ ملکوں میں تعمیری کام کرنے کیلئے ڈی ایف,clean_printed_dataset
images/printed_word/printed_0242.png,شاہ زین کے ہمراہ اب نواب کی وراثت کے دعویدار,clean_printed_dataset
images/printed_word/printed_0243.png,ٹوٹلی ڈینائی کر رہے ہیں۔پروگرام میں ٹونی بلیئر کو لکھے,clean_printed_dataset
images/printed_word/printed_0244.png,وغصہ پایا گیا، کراچی، حیدرآباد، سکھر، خیرپور، ٹھٹھہ، ٹنڈوجام، مورو،,clean_printed_dataset
images/printed_word/printed_0245.png,جبکہ انہوں نے شو میں شریک فتح مند مستحق شخص,clean_printed_dataset
images/printed_word/printed_0246.png,واقعے میں متعدد ہلاکتیں ہوئی ہیں،مقامی عمائدین کے اس اجلاس,clean_printed_dataset
images/printed_word/printed_0247.png,کی مد میں آنے والی 0.03 ملین ڈالر کی رقم,clean_printed_dataset
images/printed_word/printed_0248.png,دلچسپی کے امو راور علاقائی صورتحال پر تبادلہ خیال کیا,clean_printed_dataset
images/printed_word/printed_0249.png,رہی ہے اور اس بات کا اظہار 31 جنوری2009ء کو,clean_printed_dataset
images/printed_word/printed_0250.png,نہیں تھی اور سرکار کے ریکارڈ میں بھی ان کی,clean_printed_dataset
images/printed_word/printed_0251.png,منعقد ہوئے جن میں اقلیتی برادریوں سے تعلق رکھنے والے,clean_printed_dataset
images/printed_word/printed_0252.png,کے آدم کاٹھ کی جانب سے نقد خطیر رقم دی,clean_printed_dataset
images/printed_word/printed_0253.png,ضمانت دیں کہ اسرائیل ایران کے خلاف کوئی حملہ واشنگٹن,clean_printed_dataset
images/printed_word/printed_0254.png,کی جائے گی”روشن کراچی روشن پاکستان “ کے تحت کراچی,clean_printed_dataset
images/printed_word/printed_0255.png,طور پر کمزور حکومت آئندہ آنے والے مہینوں میں آئی,clean_printed_dataset
images/printed_word/printed_0256.png,جواب میں کہا کہ کارونجھر کے علا قے میں 37,clean_printed_dataset
images/printed_word/printed_0257.png,کے لئے خدمات کے بارے میں حاضرین کو آگاہی دی۔,clean_printed_dataset
images/printed_word/printed_0258.png,کرتے ہوئے مطالبہ کیا کہ ضلع بھر میں ہونے والی,clean_printed_dataset
images/printed_word/printed_0259.png,بات کا یقین ہے کہ امریکہ ایک اور کساد بازاری,clean_printed_dataset
images/printed_word/printed_0260.png,نے دو معاہدے تیار کئے ہیں جن میں ایک معاہدہ,clean_printed_dataset
images/printed_word/printed_0261.png,ورزی ہے جبکہ یہ اسرائیل پر امن روڈ میپ کے,clean_printed_dataset
images/printed_word/printed_0262.png,تھے۔ وفد نے نعمان سہگل کو کراچی میں بڑھتے ہوئے,clean_printed_dataset
images/printed_word/printed_0263.png,گئی۔ آل سندھ صراف اینڈ جیولرز ایسوسی ایشن ذرائع کے,clean_printed_dataset
images/printed_word/printed_0264.png,متاثرین کو انصاف کی فراہمی کے لئے ان کی تمام,clean_printed_dataset
images/printed_word/printed_0265.png,لیشن مشینوں کے ذریعے میتھین گیس پمپ کررہی ہیں اور,clean_printed_dataset
images/printed_word/printed_0266.png,سے بہاولپور کے حساس مقامات کی تصاویر بھی برآمد ہوئی,clean_printed_dataset
images/printed_word/printed_0267.png,پریس کانفرنس سے خطاب کرتے ہوئے کہا کہ ملک کو,clean_printed_dataset
images/printed_word/printed_0268.png,کاروں کے ہاتھوں میں چلی گئی ہے۔جس کے باعث منڈی,clean_printed_dataset
images/printed_word/printed_0269.png,کہ رابطوں کے اچھے نتائج نکلیں گے۔ منموہن سنگھ نے,clean_printed_dataset
images/printed_word/printed_0270.png,سی کے شکایات فارم کو پر نہیں کیا انہیں چاہئے,clean_printed_dataset
images/printed_word/printed_0271.png,صدیقی، ڈاکٹر نثار احمد نثار، سلمان صدیقی، ڈاکٹر نزہت عباسی،,clean_printed_dataset
images/printed_word/printed_0272.png,دشواریوں کا سامنا کرناپڑرہا ہے ۔ایک مقامی مائن سیفٹی ادارے,clean_printed_dataset
images/printed_word/printed_0273.png,ہے۔ ایم کیو ایم کے اسی جراتمندانہ اور اصولی موٴقف,clean_printed_dataset
images/printed_word/printed_0274.png,چہلم کے مرکزی جلوس میں شرکت کی۔ دریں اثناء مختلف,clean_printed_dataset
images/printed_word/printed_0275.png,کم وقت میں زیادہ بہتر طور پرکام کرتے ہوئے بہتر,clean_printed_dataset
images/printed_word/printed_0276.png,عدالت“ میں اتوار10اپریل کو اس اہم نکتے پر بحث ہوگی,clean_printed_dataset
images/printed_word/printed_0277.png,خراج عقیدت پیش کیا اور ان کے لواحقین کی اعانت,clean_printed_dataset
images/printed_word/printed_0278.png,رضا صدیقی نے کہا ہے کہ فیض احمد فیض اردو,clean_printed_dataset
images/printed_word/printed_0279.png,سے بھی خوراک کی قیمتیں اوپر نیچے ہوتی رہیں گی۔,clean_printed_dataset
images/printed_word/printed_0280.png,اعظم سواتی نے کہا ہے کہ میں خدا کی قسم,clean_printed_dataset
images/printed_word/printed_0281.png,سامنا کرنا پڑے گاکیونکہ حکومت اب پاور سیکٹر اصلاحات کی,clean_printed_dataset
images/printed_word/printed_0282.png,آیا۔ کم از کم کابینہ کے اراکین کو ایسا لگتا,clean_printed_dataset
images/printed_word/printed_0283.png,ابلاغ میں نابینا افراد کی شمولیت کو لازمی قرار دیا,clean_printed_dataset
images/printed_word/printed_0284.png,بھارت کے ایجنٹ شامل ہیں جو پاکستان کیلئے ایک نئی,clean_printed_dataset
images/printed_word/printed_0285.png,کراچی اور انٹرنیشنل کو نسل فار دی لائف سائنسز پاکستان,clean_printed_dataset
images/printed_word/printed_0286.png,ایف 16طیارے استعمال کرے گا، تین جرمن ڈیزائن ڈولفن آبدوزوں,clean_printed_dataset
images/printed_word/printed_0287.png,لوگوں کو ہی کرنی چاہئے۔ ہمیں حکمراں پارٹی کے سینئر,clean_printed_dataset
images/printed_word/printed_0288.png,کراچی میں CPLC کی طرز پر سندھ پولیس کی طرح,clean_printed_dataset
images/printed_word/printed_0289.png,سانحہ سمجھوتہ ایکسپریس کے تمام ملزمان کو سزا ملنی چاہئے۔,clean_printed_dataset
images/printed_word/printed_0290.png,گے، پاکستان اور بھارت کے عوام ایک دوسرے سے قریبی,clean_printed_dataset
images/printed_word/printed_0291.png,پاکستان کو گیندکی سی صورتحال کا سامنا رہا جو کبھی,clean_printed_dataset
images/printed_word/printed_0292.png,شیر پاوٴ بستی میں گھریلو جھگڑے کے دوران مشتعل ہوکر,clean_printed_dataset
images/printed_word/printed_0293.png,ویڈیو کی تصدیق سے گریزکیا ہے۔ برطانوی خبررساں ادارے کے,clean_printed_dataset
images/printed_word/printed_0294.png,کیا اور تعصب کے خلاف نعرہ بازی کی پاکستان کمیونٹی,clean_printed_dataset
images/printed_word/printed_0295.png,دیگر نے شرکت کی۔,clean_printed_dataset
images/printed_word/printed_0296.png,سالہ بہرام زخمی ہوگیا، متوفی کی لاش اور زخمی کو,clean_printed_dataset
images/printed_word/printed_0297.png,اس ضمن میں تاحال یہ نہیں کہا گیا کہ اس,clean_printed_dataset
images/printed_word/printed_0298.png,فیڈرل شریعت کورٹ کے فیصلے میں سیکشن 295-C میں دو,clean_printed_dataset
images/printed_word/printed_0299.png,الدین شہزاد ،حنیف شیخ اور متحدہ آرگنائزنگ کمیٹی کے انچارج,clean_printed_dataset
images/printed_word/printed_0300.png,چوتھے مرحلے میں جگہ بنا چکے ہیں۔ دوسری جانب خواتین,clean_printed_dataset
images/printed_word/printed_0301.png,وزارت تجارت کو بھارت سمیت دیگر ملکوں کے ساتھ تجارتی,clean_printed_dataset
images/printed_word/printed_0302.png,ضابطے کی کارروائی کے بعد ورثاء کے حوالے اور تفتیش,clean_printed_dataset
images/printed_word/printed_0303.png,تھا۔ تھانہ نیپئر کی حدود لیاری، موسیٰ لین کے قریب,clean_printed_dataset
images/printed_word/printed_0304.png,آجائے جس کو ’The Great Blue Norther of 11/11/11‘کا نام,clean_printed_dataset
images/printed_word/printed_0305.png,نے جگہ جگہ سڑکوں پر ٹائر جلائے اور ٹریفک معطل,clean_printed_dataset
images/printed_word/printed_0306.png,سے پکڑنی تھیں۔جب اس سے پوچھ گچھ کی گئی تو,clean_printed_dataset
images/printed_word/printed_0307.png,آدمی پر جتنا بڑا الزام ہو، چاہے وہ سیاسی جماعت,clean_printed_dataset
images/printed_word/printed_0308.png,تھا جس سے وہ اپنے اہل خانہ کی کفالت کرتے,clean_printed_dataset
images/printed_word/printed_0309.png,دوسرے ملکوں میں جا کر تعلیم حاصل کرنے کیلئے ملک,clean_printed_dataset
images/printed_word/printed_0310.png,کو واضح کرتی آئی ہے کہ مسئلہ کشمیر جہاں ایک,clean_printed_dataset
images/printed_word/printed_0311.png,کے لئے سالانہ 2 ارب ڈالر کی سرمایہ کاری کے,clean_printed_dataset
images/printed_word/printed_0312.png,میں بہے کراچی میں بہے، کشمیر میں بہے یا فلسطین,clean_printed_dataset
images/printed_word/printed_0313.png,وہ ایک ناکام ریاست بن سکتا ہے۔ ان خیالات کا,clean_printed_dataset
images/printed_word/printed_0314.png,کی جانب صدر زرداری نے اشارہ دیا ہے،پاکستان میں جمہوری,clean_printed_dataset
images/printed_word/printed_0315.png,کو نمائندگی دینے اور فاٹا کو صوبہ اسلامیہ بنانے کا,clean_printed_dataset
images/printed_word/printed_0316.png,یقین رکھتے ہیں۔ ان رہنماؤں نے کہا مسئلہ کشمیر کا,clean_printed_dataset
images/printed_word/printed_0317.png,معلوم ہوا کہ ان کی زمین2005ء میں جعلی قرار دے,clean_printed_dataset
images/printed_word/printed_0318.png,بہاولپور (آئی این پی) بہاولپور میں حساس اداروں کے اہلکاروں,clean_printed_dataset
images/printed_word/printed_0319.png,واقعات میں 3افراد زخمی ہوگئے۔ تفصیلات کے مطابق لانڈھی تھانے,clean_printed_dataset
images/printed_word/printed_0320.png,کہ پاکستان میں ادارے کام نہیں کر رہے، ملک ایک,clean_printed_dataset
images/printed_word/printed_0321.png,ہوا آپ کے علم میں ہے کہ اُن پر چار,clean_printed_dataset
images/printed_word/printed_0322.png,کرنے اور سیاسی ، معاشی ، ثقافتی ، انسانی اور,clean_printed_dataset
images/printed_word/printed_0323.png,لانے کے لئے مسلم امہ کو جگانے کی ضرورت ہے۔,clean_printed_dataset
images/printed_word/printed_0324.png,میں ہر صورت میں ایک قبیح اور انتہائی شرمناک عمل,clean_printed_dataset
images/printed_word/printed_0325.png,گیلن پانی کا ٹینکر 650 روپے مقررکیے گئے ہیں۔ عام,clean_printed_dataset
images/printed_word/printed_0326.png,اظہار کیااور کہا کہ کراچی ملک کا معاشی حب ہے۔کراچی,clean_printed_dataset
images/printed_word/printed_0327.png,پسندیدہ ترین ملک کا درجہ دیئے جانے پر تنازع کھڑا,clean_printed_dataset
images/printed_word/printed_0328.png,دینے کی بجائے اسے تحقیقات میں رکاوٹ ہونے کا کہا۔,clean_printed_dataset
images/printed_word/printed_0329.png,یہ حملہ کیا گیا اس وقت دفترمیں نیٹو اور افغان,clean_printed_dataset
images/printed_word/printed_0330.png,بیان بھی عدالت کے سامنے پیش کیا، وزیر داخلہ کا,clean_printed_dataset
images/printed_word/printed_0331.png,صبر کی تلقین کی۔انہوں نے کہاکہ دکھ کی اس گھڑی,clean_printed_dataset
images/printed_word/printed_0332.png,عوام متحد ہوکر دہشتگردوں کے ان عزائم کو ناکام بنانے,clean_printed_dataset
images/printed_word/printed_0333.png,کی جتنی بھی تعریف کی جائے کم ہے وہ سچ,clean_printed_dataset
images/printed_word/printed_0334.png,کہ وہ 3 سال تک جیل میں رہے اور اس,clean_printed_dataset
images/printed_word/printed_0335.png,کا عہدہ سنبھالنے کے صرف10روز بعد 30جنوری2009کو بھارت میں مقیم,clean_printed_dataset
images/printed_word/printed_0336.png,اقدامات کرے۔ ان خیالات کا اظہار انہوں نے مرکز اہلحدیث,clean_printed_dataset
images/printed_word/printed_0337.png,روا رکھا گیا ہے۔ دو ماہ کے دوران ان پر,clean_printed_dataset
images/printed_word/printed_0338.png,چمبڑ (نامہ نگار) پانی کی عدم نکاسی کے خلاف آباد,clean_printed_dataset
images/printed_word/printed_0339.png,طالب علموں کے اسکالرشپ میں کوئی رکاوٹ نہیں ڈالیں گے,clean_printed_dataset
images/printed_word/printed_0340.png,گزشتہ روز کی نسبت5.44 فیصد زائد جبکہ43.52 فیصد حصص کی,clean_printed_dataset
images/printed_word/printed_0341.png,پر کیا الزام لگا، ہمیں اس بات پہر شکوہ ہے,clean_printed_dataset
images/printed_word/printed_0342.png,سوار35سالہ سرفراز ربانی ولد غلام ربانی سے موٹر سائیکل سوار,clean_printed_dataset
images/printed_word/printed_0343.png,گی۔,clean_printed_dataset
images/printed_word/printed_0344.png,ہے۔ذوالفقار مرزا کا کہنا تھا کہ ڈاکٹر ذوالفقار مرزا ان,clean_printed_dataset
images/printed_word/printed_0345.png,یا 38 سال کی عمرکے کھلاڑیوں سے ہم جیت کی,clean_printed_dataset
images/printed_word/printed_0346.png,کراچی(ٹی وی رپورٹ)متحدہ قومی موومنٹ کے رہنما مصطفی کمال نے,clean_printed_dataset
images/printed_word/printed_0347.png,والا آپریشن 2001ء میں بھی جاری تھا اور اس وقت,clean_printed_dataset
images/printed_word/printed_0348.png,رہنماجواب دینے کیلئے موجود نہیں تھا،صوبائی وزیر نے وزیراعظم کوبتایا,clean_printed_dataset
images/printed_word/printed_0349.png,ہیں ۔تاہم ارکان پارلیمنٹ منگل کے روز(کل) اس وقت اس,clean_printed_dataset
images/printed_word/printed_0350.png,چیمپئن شپ کیلئے تیاریاں لاہور میں جاری ہے۔ ٹیم ایونٹ,clean_printed_dataset
images/printed_word/printed_0351.png,بتایا کہ ملزمان میں سے ایک شخص ہیلمٹ پہنے ہوئے,clean_printed_dataset
images/printed_word/printed_0352.png,کراچی( پ ر) متحدہ قومی موومنٹ کے قائد الطاف حسین,clean_printed_dataset
images/printed_word/printed_0353.png,ایجوکیشن کمیشن کی تحلیل کو ایشو بناکر پروپیگنڈا کررہے ہیں,clean_printed_dataset
images/printed_word/printed_0354.png,پر نقصان پہنچانے کی کوشش کررہے ہیں ایسے میں ملک,clean_printed_dataset
images/printed_word/printed_0355.png,کے لئے جدوجہد کرنا ہو گی کیونکہ بھارت دنیا کی,clean_printed_dataset
images/printed_word/printed_0356.png,کوقومی سلامتی میں رائے شماری کااختیارملاہے، جس سے قومی اتفاق,clean_printed_dataset
images/printed_word/printed_0357.png,اورکم کلسٹر بالترتیب دوسرے اور تیسرے نمبر پر قائم ہیں۔,clean_printed_dataset
images/printed_word/printed_0358.png,کا فیصلہ کرلیں کہ وہ کراچی کو ہر قسم کی,clean_printed_dataset
images/printed_word/printed_0359.png,طیارے کے ایک اہلکار کو یہ اطلاع دی کہ ایک,clean_printed_dataset
images/printed_word/printed_0360.png,جانب سے انکم ٹیکس کا نیا نظام لاگو کرنے کا,clean_printed_dataset
images/printed_word/printed_0361.png,کہ مذاکرات کاروں نے مہذب دنیا کی آنکھوں میں دھول,clean_printed_dataset
images/printed_word/printed_0362.png,کرینگے۔ انہوں نے بالی وڈ میں نئے آنے والوں میں,clean_printed_dataset
images/printed_word/printed_0363.png,کے مطابق 7اپریل کو اختتام پذیر ہونے والے ہفتے کے,clean_printed_dataset
images/printed_word/printed_0364.png,خود اس پر عمل کرتے ہوئے خودکوبے ایمانی سے دوررکھا۔,clean_printed_dataset
images/printed_word/printed_0365.png,میں قیام امن اور لوگوں کے جان و مال کا,clean_printed_dataset
images/printed_word/printed_0366.png,کا ان ہی خطوط پرآغازکریں گے۔ میشل وین ڈین29 اگست,clean_printed_dataset
images/printed_word/printed_0367.png,اچھی تصویر پیش کی جارہی ہے یا اس کا امیج,clean_printed_dataset
images/printed_word/printed_0368.png,کی سہولیات میں ہونے والے اضافے کے فرق سے فی,clean_printed_dataset
images/printed_word/printed_0369.png,اخبار سے مزید کہا کہ یوکے بی کے برطانیہ آنے,clean_printed_dataset
images/printed_word/printed_0370.png,ڈبل سنچری سمیت دو سنچریاں مکمل کیں ۔ بھارت کے,clean_printed_dataset
images/printed_word/printed_0371.png,کراچی(اسٹاف رپورٹر)سیلانی ویلفیئر انٹرنیشنل ٹرسٹ کے سرپرست مولانا بشیر فاروقی,clean_printed_dataset
images/printed_word/printed_0372.png,نفی کررہی ہے۔ ہر ماہ 2فیصد بجلی کے نرخ بڑھانا,clean_printed_dataset
images/printed_word/printed_0373.png,افراد کے لیے ایک اسپتال تھا۔ 2009 ء میں یہ,clean_printed_dataset
images/printed_word/printed_0374.png,میں پانچ سالوں تک کر کے دکھایا ہے اور آئندہ,clean_printed_dataset
images/printed_word/printed_0375.png,جانب انڈر رائٹنگ منیجر ، لائڈز مارکیٹ ایسوسی ایشن، ڈیوڈ,clean_printed_dataset
images/printed_word/printed_0376.png,وزارت داخلہ سے رابطے کی بارہا کوشش کی گئی لیکن,clean_printed_dataset
images/printed_word/printed_0377.png,انعقاد کرنا درست نہیں کیونکہ یہ بوڑھے فوجیوں کا دن,clean_printed_dataset
images/printed_word/printed_0378.png,سرپرست چوہدری ظہور الٰہی تو ذوالفقار علی بھٹوکی پھانسی پر,clean_printed_dataset
images/printed_word/printed_0379.png,انتخاب کرناہوگا۔قبل ازیں صدر اوباما نے اس بات کو تسلیم,clean_printed_dataset
images/printed_word/printed_0380.png,بعد رافیل نڈال باہر آئے اور انہوں نے کہا کہ,clean_printed_dataset
images/printed_word/printed_0381.png,انٹرنیشنل کی رپورٹ کے حوالے سے روزنامہ جنگ میں شائع,clean_printed_dataset
images/printed_word/printed_0382.png,قانون کے کٹہرے میں لایا جائے۔ ان خیالات کا اظہار,clean_printed_dataset
images/printed_word/printed_0383.png,میں ہماری تشویش دور کرے۔,clean_printed_dataset
images/printed_word/printed_0384.png,لیگ کہتے تھے اور آج ان کے ساتھ مل کر,clean_printed_dataset
images/printed_word/printed_0385.png,تھام کیلئے کیے گئے عمومی انتظامات کا ذکر کیا ہے۔,clean_printed_dataset
images/printed_word/printed_0386.png,تنصیبات پر اچانک پیشگی حملہ نہیں کرے گا جس کے,clean_printed_dataset
images/printed_word/printed_0387.png,معالجہ کیا جاسکتا ہے۔عالمی ادارہ صحت کی طرف سے پاکستان,clean_printed_dataset
images/printed_word/printed_0388.png,میں ہزارہ قبائل پر ہونے والے یہ حملے فرقہ واریت,clean_printed_dataset
images/printed_word/printed_0389.png,سکتا ہے۔این ایچ ایس پروٹیکٹ نے ایمپلائرز پر زور دیا,clean_printed_dataset
images/printed_word/printed_0390.png,بھی موجود تھے۔کرنل طارق زبیر نے کہا کہ مویشی منڈی,clean_printed_dataset
images/printed_word/printed_0391.png,میں پاکستانی قربانیوں کا اعتراف کرتے ہوئے کہا ہے کہ,clean_printed_dataset
images/printed_word/printed_0392.png,بالخصوص ایسے وقت میں جب امن مذاکرات کی بحالی کیلئے,clean_printed_dataset
images/printed_word/printed_0393.png,میں چل کر دکانداروں اور شہریوں کے پاس گئے اور,clean_printed_dataset
images/printed_word/printed_0394.png,ہے اور ذوالقرنین حیدر کو بیرون ملک فرار ہونے کاحق,clean_printed_dataset
images/printed_word/printed_0395.png,توقع رکھتے ہیں اس پر حکمرانوں کو پورا اترنا چاہئے۔,clean_printed_dataset
images/printed_word/printed_0396.png,سیکرٹری داخلہ کے پاس ہے۔ عدالت نے لطیف کھوسہ سے,clean_printed_dataset
images/printed_word/printed_0397.png,کے باعث سردبازاری رہی اور روئی کے بھاؤ میں نسبتاً,clean_printed_dataset
images/printed_word/printed_0398.png,کی یقین دہانی کے باوجود کرایوں میں اضافے کا نوٹیفکیشن,clean_printed_dataset
images/printed_word/printed_0399.png,انتخاب اور یورپی یونین میں تجارتی رسائی کے حصول میں,clean_printed_dataset
images/printed_word/printed_0400.png,چکی تھی کہ یہ ہٹ فلم ہے اس کے باوجود,clean_printed_dataset
images/printed_word/printed_0401.png,مفتی محمد حسن لانگا، مفتی فیض الحق، مفتی عبدالحق عثمانی،,clean_printed_dataset
images/printed_word/printed_0402.png,ہے۔ اجلاس میں مطالبہ کیا گیا کہ غربت سے تنگ,clean_printed_dataset
images/printed_word/printed_0403.png,سے میران شاہ بازار میں نجی املاک کو پہنچنے والے,clean_printed_dataset
images/printed_word/printed_0404.png,افسر کو وزارت داخلہ کے ذریعے طلب کرنا چاہئے۔ رحمن,clean_printed_dataset
images/printed_word/printed_0405.png,ہیں لیکن وہ اپنی یہ جدوجہد اور باتیں جاری رکھیں,clean_printed_dataset
images/printed_word/printed_0406.png,آنے کے واقعے کی تحقیقات کیلئے وزیراعظم سے کمیشن بنانے,clean_printed_dataset
images/printed_word/printed_0407.png,اس حوالے سے غیرمبہم ہے کہ کچھ نہیں ہوگا۔ ہمیں,clean_printed_dataset
images/printed_word/printed_0408.png,دھماکے کی آواز سن کر باہر نکلا تو گھر تباہ,clean_printed_dataset
images/printed_word/printed_0409.png,ماہ بچے کی پیدائش متوقع تھی اسی لئے ان کی,clean_printed_dataset
images/printed_word/printed_0410.png,ایک سروے میں ہوا۔ نصف سے زائد والدین اس پر,clean_printed_dataset
images/printed_word/printed_0411.png,ہے۔ آپریشن پلان کرنا اور اس پر عمل کرنا آپ,clean_printed_dataset
images/printed_word/printed_0412.png,پر اس میں ہمت ہے آج پوری قوم پکار پکار,clean_printed_dataset
images/printed_word/printed_0413.png,ہے، ہم ایک دوسرے پر سیاسی تنقیدوں سے باز نہیں,clean_printed_dataset
images/printed_word/printed_0414.png,گھر کے قریب سے روہڑی کو گیس سپلائی کرنے والی,clean_printed_dataset
images/printed_word/printed_0415.png,اور مذکورہ زمین کی الاٹمنٹ سے ماضی میں متاثر ہونے,clean_printed_dataset
images/printed_word/printed_0416.png,جس میں اے سی چل رہا تھا اس دھماکے سے,clean_printed_dataset
images/printed_word/printed_0417.png,تیار ہونے والے کمیونٹی سینٹر کی عمارت کا افتتاح کیا۔,clean_printed_dataset
images/printed_word/printed_0418.png,حل کی امید کھودے گی۔ منگل کو اقوام متحدہ کے,clean_printed_dataset
images/printed_word/printed_0419.png,افراد یا ایک کمرے کی جماعت نہیں جس پر پابندی,clean_printed_dataset
images/printed_word/printed_0420.png,ثبوت ہے۔ کامران خان نے کہا کہ میں نے یہ,clean_printed_dataset
images/printed_word/printed_0421.png,حمیدی، سلمان صدیقی، ڈاکٹر جاوید منظر، محمود ساگر، پروفیسر منظر,clean_printed_dataset
images/printed_word/printed_0422.png,شفیلڈ ( نمائندہ جنگ ) پہلے پیپلز پارٹی اور حال,clean_printed_dataset
images/printed_word/printed_0423.png,298 سیاستدانوں کی اہلیت مشکوک قرار دے دی ہے۔ ان,clean_printed_dataset
images/printed_word/printed_0424.png,ریڈ ٹیپ جنرلز، اعلیٰ عدلیہ کے ججز، میڈیا مالکان ،,clean_printed_dataset
images/printed_word/printed_0425.png,کنٹریکٹ مسٹر بلیئر کو دینے میں محتاط رہنا چاہئے اور,clean_printed_dataset
images/printed_word/printed_0426.png,پڈعیدن (نامہ نگار) مسلم لیگ ن کے قائد وسابق وزیراعظم,clean_printed_dataset
images/printed_word/printed_0427.png,نہیں تھا بلکہ لوگوں نے شوروغل مچا کر اسے مسئلہ,clean_printed_dataset
images/printed_word/printed_0428.png,کرایا جائے گا۔ اجلاس میں وزیر خزانہ سید مراد علی,clean_printed_dataset
images/printed_word/printed_0429.png,نے کہا کہ اس آگاہی پروگرام کا مقصد یہ ہے,clean_printed_dataset
images/printed_word/printed_0430.png,کئی محکمے کرپشن کی روک تھام کیلئے کام کر رہے,clean_printed_dataset
images/printed_word/printed_0431.png,چلایا جائے اور قانون کے مطابق فیصلہ کیا جائے۔ عثمان,clean_printed_dataset
images/printed_word/printed_0432.png,وزیراعظم گیلانی کو ان کی لندن روانگی سے قبل دی,clean_printed_dataset
images/printed_word/printed_0433.png,شہریت حاصل کرسکیں لیکن ان کی بیویوں کو یہ معلوم,clean_printed_dataset
images/printed_word/printed_0434.png,نے جس طرح ماضی کی تلخیوں کو بیانات قرار دیا,clean_printed_dataset
images/printed_word/printed_0435.png,خطاب کیا۔,clean_printed_dataset
images/printed_word/printed_0436.png,تھا۔ صوبائی وزیر کی حیثیت سے ڈاکٹر ذوالفقار مرزا کے,clean_printed_dataset
images/printed_word/printed_0437.png,23 ارب 38 کروڑ 90 لاکھ روپے مالیت کی مصنوعات,clean_printed_dataset
images/printed_word/printed_0438.png,کہا کہ داخلہ ٹیسٹ کی منظوری کے لئے اکیڈمک کونسل,clean_printed_dataset
images/printed_word/printed_0439.png,پیپلزپارٹی کے سید ضیاء عباس، جماعت اسلامی کراچی کے نائب,clean_printed_dataset
images/printed_word/printed_0440.png,ایریا، ایف بی صنعتی ایریا، نارتھ کراچی صنعتی ایریا میں,clean_printed_dataset
images/printed_word/printed_0441.png,تھا جبکہ دوسرے شخص نے چہرے پر رومال لپیٹا ہوا,clean_printed_dataset
images/printed_word/printed_0442.png,مراکز آج بھی تل ابیب میں قائم ہیں جہاں وہ,clean_printed_dataset
images/printed_word/printed_0443.png,کہ درخواستوں کے انبار میں روز بروز اضافہ ہورہا ہے۔,clean_printed_dataset
images/printed_word/printed_0444.png,کیا گیا کہ اسے ٹھوس اور نتیجہ خیز بنایا جائے۔,clean_printed_dataset
images/printed_word/printed_0445.png,اور ماحولیاتی تبدیلیوں پر تعاون کا علاقائی فریم ورک پر,clean_printed_dataset
images/printed_word/printed_0446.png,ادارے اس جارحیت میں گھناؤنا کردار ادا کر رہے ہیں۔,clean_printed_dataset
images/printed_word/printed_0447.png,کرنے کے ساتھ ساتھ ان کے بارے میں مکمل معلومات,clean_printed_dataset
images/printed_word/printed_0448.png,کر رہا تھا۔ گرفتار ہونے والے بھارتی جاسوس کے قبضے,clean_printed_dataset
images/printed_word/printed_0449.png,دیا تو پہلے خود اس پرعمل کیا، میں نے لوگوں,clean_printed_dataset
images/printed_word/printed_0450.png,ہے تاکہ مجرموں کو جرم کرنے سے قبل پکڑا جاسکے۔,clean_printed_dataset
images/printed_word/printed_0451.png,اور دیگر سیاستدانوں کی طرح آج میں بھی کھرب پتی,clean_printed_dataset
images/printed_word/printed_0452.png,میں بہتری کی عکاسی کرتے ہیں۔ان کا کہنا تھا کہ,clean_printed_dataset
images/printed_word/printed_0453.png,کی وجہ سے ان چیزوں کا اثر عام شہری پر,clean_printed_dataset
images/printed_word/printed_0454.png,لندن(پی اے)موٹر انشورنس فراڈ اب منظم جرائم کا حصہ بن,clean_printed_dataset
images/printed_word/printed_0455.png,لطیف کھوسہ نے عدالت کو بتایا کہ راؤ شکیل کا,clean_printed_dataset
images/printed_word/printed_0456.png,کے سیاسی نظریات سے اختلاف کیا جاسکتا ہے لیکن ان,clean_printed_dataset
images/printed_word/printed_0457.png,میں دس گرام سونے کی قیمت39921 روپے سے گھٹ کر39857روپے,clean_printed_dataset
images/printed_word/printed_0458.png,جاپان کی جانب سے نہ صرف معاشی منصوبوں کے لیے,clean_printed_dataset
images/printed_word/printed_0459.png,2009ء کے دوران ان ممالک سے 60.33 ملین ڈالرکی ترسیلات,clean_printed_dataset
images/printed_word/printed_0460.png,قاتل کھڑا ہو کر کہہ رہا ہے کہ میں نے,clean_printed_dataset
images/printed_word/printed_0461.png,دوسرے سے تعلق ہوتا ہے۔اگر ان کا تعلق ایک علاقے,clean_printed_dataset
images/printed_word/printed_0462.png,لوٹن (پ ر) بھارتی حکمرانوں نے مسئلہ کشمیر پر مذاکرات,clean_printed_dataset
images/printed_word/printed_0463.png,نے چارٹیسٹ میچوں کی 6 اننگزوں میں کیریئر کی پہلی,clean_printed_dataset
images/printed_word/printed_0464.png,اس گروپ کے سربراہ نے بقول ان کے چینی قبضے,clean_printed_dataset
images/printed_word/printed_0465.png,اضافے اور مراعات کے حصول کی مخالف ہوں میرا خیال,clean_printed_dataset
images/printed_word/printed_0466.png,شاہ، چیف سیکرٹری غلام علی شاہ پاشا، ایڈیشنل چیف سیکرٹری,clean_printed_dataset
images/printed_word/printed_0467.png,عالمی اقتصادی ترقی کیلئے اہم محرک بننے کی صلاحیت رکھتا,clean_printed_dataset
images/printed_word/printed_0468.png,وہ ڈیرہ بگٹی میں خوش نہیں تھے اور اب سندھ,clean_printed_dataset
images/printed_word/printed_0469.png,درمیان سکاٹ لینڈ میں 43 پولیس آفیسران کو مختلف جرائم,clean_printed_dataset
images/printed_word/printed_0470.png,رقم کی لین دین کے معاملے پر تنازعہ چل رہا,clean_printed_dataset
images/printed_word/printed_0471.png,داری“۔ یہ تو ایم کیو ایم کا ہی مطالبہ نہیں,clean_printed_dataset
images/printed_word/printed_0472.png,گے اور صبح دس بجے بھارتی ہائی کمیشن کے سامنے,clean_printed_dataset
images/printed_word/printed_0473.png,کے ترجمان کے مطابق کے ای ایس سی نے ہفتے,clean_printed_dataset
images/printed_word/printed_0474.png,اسمبلی سے منظوری کے بغیر ڈبل سواری پرپابندی نہ لگانے,clean_printed_dataset
images/printed_word/printed_0475.png,بھی مدد کو آ گئی۔ دریائے سندھ کے دو پاٹوں,clean_printed_dataset
images/printed_word/printed_0476.png,کردیا اور فرار ہوگئے زخمیوں کو عباسی شہید اسپتال لایا,clean_printed_dataset
images/printed_word/printed_0477.png,لگایا گیا ،بارہا یہ سوال پوچھا گیا کہ آخر کیوں,clean_printed_dataset
images/printed_word/printed_0478.png,کراچی (اسٹاف رپورٹر) جناح برج پر پاکستان تحریک انصاف کے,clean_printed_dataset
images/printed_word/printed_0479.png,کرتے ہوئے کہا کہ وہ شادی کے بارے میں سوچ,clean_printed_dataset
images/printed_word/printed_0480.png,افراد کے علاوہ صوبائی وزیر بلدیات آغا سراج درانی، چیف,clean_printed_dataset
images/printed_word/printed_0481.png,فلپ ڈیویز نے سنڈے میل میں لکھا تھا کہ یہ,clean_printed_dataset
images/printed_word/printed_0482.png,کے تقررسے کھلاڑیوں کو مشکلات پیش آئیں گی کیونکہ پاکستانی,clean_printed_dataset
images/printed_word/printed_0483.png,کا اظہار کرتے ہوئے کہاکہ وہ خود بھی اس سلسلے,clean_printed_dataset
images/printed_word/printed_0484.png,کے لیے 2012 کا انتخاب کرلیا ہے اور اس کا,clean_printed_dataset
images/printed_word/printed_0485.png,کہا کہ تعلیم حاصل کرنا ہر انسان کا مکمل حق,clean_printed_dataset
images/printed_word/printed_0486.png,والے استقبالیہ سے خطاب کرتے ہوئے کیا۔ اس موقع پر,clean_printed_dataset
images/printed_word/printed_0487.png,9 ماہ کے دوران برآمدات 29.49 فیصد ریکارڈ اضافہ کے,clean_printed_dataset
images/printed_word/printed_0488.png,لیکن یہ ادارہ پارلیمانی ادارہ ہے؛ ایگزیکٹو اتھارٹی نہیں۔ جبکہ,clean_printed_dataset
images/printed_word/printed_0489.png,میں ہے۔ ملک کے بااختیار آئینی اداروں بشمول چیف جسٹس,clean_printed_dataset
images/printed_word/printed_0490.png,چشتی، وفاقی سیکرٹری اطلاعات تیمور عظمت عثمان اور ایگزیکٹو رکن,clean_printed_dataset
images/printed_word/printed_0491.png,رویوں کی جس میں قتل بھی ہیں جس میں ریپ,clean_printed_dataset
images/printed_word/printed_0492.png,فلور کے علاوہ 41/ منزلہ ہوگی جس پر 40/ کروڑ,clean_printed_dataset
images/printed_word/printed_0493.png,اسلام آباد(آن لائن)صدر مملکت آصف علی زرداری سے آرمی چیف,clean_printed_dataset
images/printed_word/printed_0494.png,خانزادہ اور یوسف شاہوانی نے کہا کہ متحدہ قومی موومنٹ,clean_printed_dataset
images/printed_word/printed_0495.png,چکے تھے اور اکثر کے کپڑے بھی جل چکے تھے،کچھ,clean_printed_dataset
images/printed_word/printed_0496.png,چن کر قتل کرنے والے کون ہیں اور بیگناہ پاکستانیوں,clean_printed_dataset
images/printed_word/printed_0497.png,روابط کیلئے اپنا کام دوبارہ شروع کرے گا۔ ڈاکٹر منموہن,clean_printed_dataset
images/printed_word/printed_0498.png,فوجی اور کبھی سویلین حکومتوں کے ہاتھ میں رہی، پاکستان,clean_printed_dataset
images/printed_word/printed_0499.png,ہے جوخلاف قانون ہے اس لیے ان کے تقررکوغیر قانونی,clean_printed_dataset
images/printed_word/printed_0500.png,نے 20 ہزار ڈالر کا عطیہ دیا ہے۔ پاکستان سے,clean_printed_dataset
images/printed_word/printed_0501.png,روم، روم سے پیرس، پیرس سے پھر دبئی اور وہاں,clean_printed_dataset
images/printed_word/printed_0502.png,کو نفع بخش ادارہ نہیں بنایا جاسکتا۔ گزشتہ روز وفاقی,clean_printed_dataset
images/printed_word/printed_0503.png,جیمیسس نے کہا ہے کہ زیادہ ٹی وی دیکھنے والے,clean_printed_dataset
images/printed_word/printed_0504.png,کے میکنزم کو سخت کردیا گیا ہے۔ اس بات کا,clean_printed_dataset
images/printed_word/printed_0505.png,بھی نجی اسپتال نے انہیں داخل کرنے سے انکار کردیا,clean_printed_dataset
images/printed_word/printed_0506.png,منڈی میں کمیپ لگائے ہیں ۔اورخودخواتین کیمپ میں بیٹھ کرمویشیوں,clean_printed_dataset
images/printed_word/printed_0507.png,اور اینکرپرسن کوحقائق پر مبنی رپورٹس شائع اور نشر کرنے,clean_printed_dataset
images/printed_word/printed_0508.png,والے اداروں کا ایک اہم اجلاس لیڈز میں منعقد ہوا,clean_printed_dataset
images/printed_word/printed_0509.png,مطابق2001میں پبلک سیکٹر جی ڈی پی کا اعشاریہ72فیصد صحت کے,clean_printed_dataset
images/printed_word/printed_0510.png,قبل میڈیا کی پارلیمانی کمیٹیوں تک رسائی صفر تھی۔ بند,clean_printed_dataset
images/printed_word/printed_0511.png,وکی لیکس کی تازہ ترین دستاویزات میں بتایا گیا ہے,clean_printed_dataset
images/printed_word/printed_0512.png,اپنی گزشتہ کاروباری روز کی قیمت فروخت 88.17 روپے سے,clean_printed_dataset
images/printed_word/printed_0513.png,کی روایت سے پاک احتساب کا ایک نظام قائم ہو,clean_printed_dataset
images/printed_word/printed_0514.png,کیونکہ وہ وقت آچکا ہے کہ جب آفاق احمد پاکستان,clean_printed_dataset
images/printed_word/printed_0515.png,ویلیو ہے اور نہ کسی بھی قسم کے ثبوت ۔,clean_printed_dataset
images/printed_word/printed_0516.png,آرگنائزرز کے علاوہ حکومت سندھ کے نمائندہ خصوصی تاج حیدر,clean_printed_dataset
images/printed_word/printed_0517.png,کو پسند کیا جاتا رہا اور میری پہلی فلم ”میرا,clean_printed_dataset
images/printed_word/printed_0518.png,کی۔ وہ 1987ء کا ورلڈکپ جیتنے والی ٹیم کے بھی,clean_printed_dataset
images/printed_word/printed_0519.png,کہ میں اپنے تجربے سے بتاؤں۔کامران خان کا کہنا تھا,clean_printed_dataset
images/printed_word/printed_0520.png,چوہدری کی بحالی چاہتے تھے اور یہی موقف پارٹی پالیسی,clean_printed_dataset
images/printed_word/printed_0521.png,کے وکیل کی جانب سے اعتراضات سننے کے بعد فیصلہ,clean_printed_dataset
images/printed_word/printed_0522.png,غیررسمی گفتگو کے دوران بتایا کہ ہنگامی بنیادوں پر 4,clean_printed_dataset
images/printed_word/printed_0523.png,سالہ مومنہ کا انتقال ہوا، اتوار کو علی الصباح بھائی,clean_printed_dataset
images/printed_word/printed_0524.png,یہ فلیگ جلانے کے الزام کا ڈینائل کبھی نہیں آیا,clean_printed_dataset
images/printed_word/printed_0525.png,اسلام آباد (رپورٹ: … انصار عباسی) اگرچہ یکے بعد دیگرے,clean_printed_dataset
images/printed_word/printed_0526.png,کی تعداد اور کرائم کی سطح میں کوئی تعلق نہیں,clean_printed_dataset
images/printed_word/printed_0527.png,کراچی (اسٹاف رپورٹر) پیپلزپارٹی ڈسٹرکٹ ایسٹ کی جانب سے صدر,clean_printed_dataset
images/printed_word/printed_0528.png,بھر میں طبی کیمپوں کا انعقاد کیا گیا اور عزاداران,clean_printed_dataset
images/printed_word/printed_0529.png,ہوئے انہوں نے کہا کہ 19فروری 2009ء کے مراسلے میں,clean_printed_dataset
images/printed_word/printed_0530.png,نے کہا کہ وہ وزیراعلیٰ ممتا بنر جی کی ہر,clean_printed_dataset
images/printed_word/printed_0531.png,کو زیادہ وقت دینے والے افراد کے غیر صحت بخش,clean_printed_dataset
images/printed_word/printed_0532.png,منشور علی جاں بحق اور 2خواتین سمیت 14 افرادزخمی ہوگئے۔,clean_printed_dataset
images/printed_word/printed_0533.png,بدل دیا گیا، اور فیصلہ کیا گیا کہ پورے صوبے,clean_printed_dataset
images/printed_word/printed_0534.png,ہوتا ہے لیکن وہ صوبائی یا قومی ادارے جن میں,clean_printed_dataset
images/printed_word/printed_0535.png,سازی کے ذریعہ ہر سال قوم کو 2.4 ارب پونڈ,clean_printed_dataset
images/printed_word/printed_0536.png,سالہ جیمز گلین کو چیمسفورڈ، ایسکس میں مجسٹریٹس کے سامنے,clean_printed_dataset
images/printed_word/printed_0537.png,جاری کردہ اعدادوشمارکے مطابق مذکورہ عرصہ کے دوران متوسط آمدنی,clean_printed_dataset
images/printed_word/printed_0538.png,شیخ کو برطرف کر کے ان کے اور ان کے,clean_printed_dataset
images/printed_word/printed_0539.png,سے دعائیں لے رہی ہے۔ مسلم امہ سعودی حکومت کی,clean_printed_dataset
images/printed_word/printed_0540.png,حوالہ سے تفصیلی بریفنگ دی۔صدر نے بریفنگ پر اطمینان کا,clean_printed_dataset
images/printed_word/printed_0541.png,اشرف نے کہا ہے کہ اتحاد کے اجلاس میں اہم,clean_printed_dataset
images/printed_word/printed_0542.png,دیکراس طرف دھکیل رہے ہیں اوران سے وہ عمل کراتے,clean_printed_dataset
images/printed_word/printed_0543.png,کیمرون نے کہاکہ مشکلات و مصائب سے گزرنے والی کسی,clean_printed_dataset
images/printed_word/printed_0544.png,وزیر مواصلات ڈاکٹر ارباب عالمگیر، وزیر جہاز رانی و بندرگاہیں,clean_printed_dataset
images/printed_word/printed_0545.png,حاصل کرلی۔ اس سلسلے میں جب زمین الاٹ کرنے والے,clean_printed_dataset
images/printed_word/printed_0546.png,کا نشان یوکے بارڈر ایجنسی کھو چکی ہے۔ممبران پارلیمنٹ کا,clean_printed_dataset
images/printed_word/printed_0547.png,ضابطے کی کارروائی کے بعد ورثاء کے حوالے کردیا۔شارع فیصل,clean_printed_dataset
images/printed_word/printed_0548.png,بارے میں حکومتی لائحہ عمل سے 3 روز میں عدالت,clean_printed_dataset
images/printed_word/printed_0549.png,لو گوں کو خدشہ ہے کہ ایک نئے بڑے سرحدی,clean_printed_dataset
images/printed_word/printed_0550.png,خطاب کرتے ہوئے کیا۔ لارڈ ایوبری نے کہا کہ عرب,clean_printed_dataset
images/printed_word/printed_0551.png,علامہ شفیق برڑو، علامہ عبدالخالق نورانی، الیاس ستار و دیگر,clean_printed_dataset
images/printed_word/printed_0552.png,اپنے فن پاروں سے پوری طرح مطمئن نہیں ہو جاتا,clean_printed_dataset
images/printed_word/printed_0553.png,کا امکان ہے۔ توقع ہے کہ درآمدات کی مضبوط نمو,clean_printed_dataset
images/printed_word/printed_0554.png,پر سپریم کورٹ کے ازخود نوٹس کیس میں متحدہ قومی,clean_printed_dataset
images/printed_word/printed_0555.png,ان الزامات کی فی الحال نہ کوئی سرکاری تصدیق ہورہی,clean_printed_dataset
images/printed_word/printed_0556.png,ڈالر فیول سرچارج بڑھایا گیا ہے ،جنوبی ایشیا پر 14,clean_printed_dataset
images/printed_word/printed_0557.png,کہ اب آپ کو فیصلہ کرنا ہے اور ایکشن کرنا,clean_printed_dataset
images/printed_word/printed_0558.png,کہ اس کی تدریس ابتدائی جماعت ہی سے شروع کی,clean_printed_dataset
images/printed_word/printed_0559.png,نہیں آ یا۔ آخریہ کونسا مذہب ہے؟کیا اسلام کے نام,clean_printed_dataset
images/printed_word/printed_0560.png,نامکمل ایجنڈا ہے،سازش کے تحت اسے متنازع بنایا گیا،تہذیبی،ثقافتی،مذہبی اورجغرافیائی,clean_printed_dataset
images/printed_word/printed_0561.png,سے ذوالفقار مرزا کے الزامات کو تقویت پہنچانا مقصود نظر,clean_printed_dataset
images/printed_word/printed_0562.png,اعلیٰ عدلیہ کا فیصلہ حتمی ہو تو اس کے بعد,clean_printed_dataset
images/printed_word/printed_0563.png,کہ انہوں نے کہا کہ حکومت کی جانب سے تین,clean_printed_dataset
images/printed_word/printed_0564.png,زمینوں سے انہیں آگاہ کیا جو کسی کے استعمال میں,clean_printed_dataset
images/printed_word/printed_0565.png,فکر کے جید علمائے کرام نے اندرون سندھ بارشوں سے,clean_printed_dataset
images/printed_word/printed_0566.png,وجہ ہے نصف سے زائد ڈاکٹر ریک نے کہا کہ,clean_printed_dataset
images/printed_word/printed_0567.png,اپنی گزشتہ کاروباری روز کی قیمت فروخت 88.17 روپے سے,clean_printed_dataset
images/printed_word/printed_0568.png,کیس کی سماعت کے بارے میں بتایا کہ یہ بات,clean_printed_dataset
images/printed_word/printed_0569.png,وہ وسیع علاقے میں پھیل کر وارداتیں کررہے ہیں۔ دوسری,clean_printed_dataset
images/printed_word/printed_0570.png,پران سے دلی تشکر کا بھی اظہار کیاہے۔,clean_printed_dataset
images/printed_word/printed_0571.png,کے مطابق شہر قائد میں گزشتہ کئی روز سے جاری,clean_printed_dataset
images/printed_word/printed_0572.png,ان میں سے کوئی اکاؤنٹس پاکستان میں موجود نہیں، سیکرٹری,clean_printed_dataset
images/printed_word/printed_0573.png,کروائیں۔,clean_printed_dataset
images/printed_word/printed_0574.png,شروع ہوا جب اس وقت قائم مقام گورنر سندھ نثار,clean_printed_dataset
images/printed_word/printed_0575.png,کی تیاری کیلئے چین کی مدد کی تھی۔ ہوائی کی,clean_printed_dataset
images/printed_word/printed_0576.png,میں ہونے والی پاکستان بچاؤ جاں نثاران مصطفی کانفرنس ملک,clean_printed_dataset
images/printed_word/printed_0577.png,بات کہتے ہیں کہ فوج تحریک انصاف کو سپورٹ کررہی,clean_printed_dataset
images/printed_word/printed_0578.png,ایسوسی ایشن کے دفتر میں منعقد کی گئی۔ شاہد علیم،,clean_printed_dataset
images/printed_word/printed_0579.png,تھا پھر 30 ایکڑ ناکلاس اور 500 ایکڑ کو سی,clean_printed_dataset
images/printed_word/printed_0580.png,واحد راستہ ہے، دونوں ممالک نے مستقبل میں تمام سطحوں,clean_printed_dataset
images/printed_word/printed_0581.png,کاتحفظہر حال میں کریں گے۔ مسلم کانفرنس کے کارکنان بیرون,clean_printed_dataset
images/printed_word/printed_0582.png,بڑھ رہا ہے ۔ وزیراعظم نے سارک ڈویلپمنٹ فنڈ کے,clean_printed_dataset
images/printed_word/printed_0583.png,علاقوں میں شدت پسندوں کیخلاف جاری فوجی آپریشن کے حوالے,clean_printed_dataset
images/printed_word/printed_0584.png,نے چیف جسٹس سے اپیل کی کہ انہیں ملازمت پر,clean_printed_dataset
images/printed_word/printed_0585.png,ہوئے متاثرین سے یکجہتی کا اظہار کیا ہے۔,clean_printed_dataset
images/printed_word/printed_0586.png,بدعنوان ملک تصور کیا جاتا ہے، یہاں سرکاری اور کمرشل,clean_printed_dataset
images/printed_word/printed_0587.png,امریکہ تعلقات کے جائزہ کیلئے کانگریس کا کمیشن بنایا جائے۔,clean_printed_dataset
images/printed_word/printed_0588.png,روپ سے محبت کی ہے۔ پہلے اجلاس کی صدارت ممتاز,clean_printed_dataset
images/printed_word/printed_0589.png,دیئے گئے تھے۔ ہم چیف جسٹس پاکستان سے اپیل کرتے,clean_printed_dataset
images/printed_word/printed_0590.png,سی او چیف جسٹس عبدالحمید ڈوگر نے بنچ پر عدم,clean_printed_dataset
images/printed_word/printed_0591.png,عمل کے ساتھ شہر کو غیرقانونی اسلحے سے پاک کرنے,clean_printed_dataset
images/printed_word/printed_0592.png,نگاہ سے دیکھتا ہے۔ انہوں نے دہشتگردی کے خلاف پاکستان,clean_printed_dataset
images/printed_word/printed_0593.png,ایک اعلامیے کے مطابق اتوار کی دوپہر 2بجے سے پرانا,clean_printed_dataset
images/printed_word/printed_0594.png,استحکام اور تحریک آزادکشمیر کی کامیابی کے لئے آل جموں,clean_printed_dataset
images/printed_word/printed_0595.png,سب سے بڑی خوبی یہ ہوگی کہ حیدرآباد کے بے,clean_printed_dataset
images/printed_word/printed_0596.png,سمیت پکے پکے مقدمات بھی ہوا میں پانی کے بلبلوں,clean_printed_dataset
images/printed_word/printed_0597.png,ترقی یافتہ ملکوں کے لئے اشیاء کی حساس فہرست میں,clean_printed_dataset
images/printed_word/printed_0598.png,بزنس کے وزیر نے کہا کہ سرمایہ دارانہ نظام کے,clean_printed_dataset
images/printed_word/printed_0599.png,حملہ آوروں نے ٹرالر کو تیل چھڑک کر آگ لگادی,clean_printed_dataset
images/printed_word/printed_0600.png,ٹیلی فون پر گفتگو کرتے ہوئے کیا۔ دونوں رہنماؤں نے,clean_printed_dataset
images/printed_word/printed_0601.png,دیدیا ہے۔ابتدا میں واقع کو نظر انداز کرنے کے بعد,clean_printed_dataset
images/printed_word/printed_0602.png,قدر اضافہ ہو رہا ہے اسی قدر سعودی حکومت حرمین,clean_printed_dataset
images/printed_word/printed_0603.png,ہو چکے ہیں۔ ایک پیارے کو دفنا کر آتے تھے,clean_printed_dataset
images/printed_word/printed_0604.png,کی قیمتیں بڑھانے اور سرکاری املاک کی فروخت سے متعلق,clean_printed_dataset
images/printed_word/printed_0605.png,موبائل نمبرز اور آپس میں رابطوں کے ثبوت بھی رپورٹ,clean_printed_dataset
images/printed_word/printed_0606.png,کیو ایم کو بدنام کرنے کی شرمناک مہم کا حصہ,clean_printed_dataset
images/printed_word/printed_0607.png,شہر میں امن و امان کی صورتحال پر تشویش کا,clean_printed_dataset
images/printed_word/printed_0608.png,بغیر حرکت نہیں کر سکتی تھی۔ نواب اکبر بگٹی کی,clean_printed_dataset
images/printed_word/printed_0609.png,نکلنے لگی جس پر گھر میں گیس کی شدید بو,clean_printed_dataset
images/printed_word/printed_0610.png,سارک کے رکن ممالک کے درمیان روابط خطہ میں امن,clean_printed_dataset
images/printed_word/printed_0611.png,کہ قومی ہاکی ٹیم نے کیا گل کھلائے ہیں، اس,clean_printed_dataset
images/printed_word/printed_0612.png,نہیں رکھا جا سکتا اور اس بارے میں قانونی فیصلہ,clean_printed_dataset
images/printed_word/printed_0613.png,شامل ہے جس سے امریکی پالیسی کا جھکاؤ پاکستان کی,clean_printed_dataset
images/printed_word/printed_0614.png,ایک دوسرے سے منسلک ہیں، اس بات پر اتفاق ہے,clean_printed_dataset
images/printed_word/printed_0615.png,کے چیرمین لارڈ ٹرنر نے ڈیلی ٹیلی گراف سے ایک,clean_printed_dataset
images/printed_word/printed_0616.png,میں دے دیا گیا تھا۔,clean_printed_dataset
images/printed_word/printed_0617.png,بن سکتا ہے اور وہ اس صدی کے اقتصادی معجزے,clean_printed_dataset
images/printed_word/printed_0618.png,کرناپڑا جبکہ ٹیسٹ اور سینکڑوں آپریشن بھی ملتوی کردیئے گئے۔ذرائع,clean_printed_dataset
images/printed_word/printed_0619.png,پر زور دیا جس پر ہم انہیں خراج تحسین پیش,clean_printed_dataset
images/printed_word/printed_0620.png,آئینی امور کے ماہر سینیٹر وسیم سجاد نے آئینی پہلو,clean_printed_dataset
images/printed_word/printed_0621.png,حملہ آور افغان مہاجر تھا اور یونس الموریطانی کی گرفتاری,clean_printed_dataset
images/printed_word/printed_0622.png,اور بڑی تعداد میں گولیاں برآمد کیں ہیں اور کئی,clean_printed_dataset
images/printed_word/printed_0623.png,طرف سے کہا گیا کہ منصوبہ براہ راست گاؤں کے,clean_printed_dataset
images/printed_word/printed_0624.png,رکھتے ہیں جونیئر وکلاء کو تربیت فراہم کرنے کے انتظامات,clean_printed_dataset
images/printed_word/printed_0625.png,منگھوپیر روڈ، لولین اور بڑا بورڈ کی جانب سے بڑی,clean_printed_dataset
images/printed_word/printed_0626.png,سامنا کررہے ہیں۔ انہوں نے کہا کہ ظالم و جابر,clean_printed_dataset
images/printed_word/printed_0627.png,حیدرآباد (بیورو رپورٹ) مارکیٹ کے رہائشی محمد ناصر خان مغل,clean_printed_dataset
images/printed_word/printed_0628.png,ہوگا تو آپ کے سامنے الزامات کی تاریخ سامنے ہو,clean_printed_dataset
images/printed_word/printed_0629.png,پر ٹریفک کو دوطرفہ چلایا جائے گا دوسرے ٹریک کو,clean_printed_dataset
images/printed_word/printed_0630.png,اس قدر بھائے کہ انہوں نے بادشاہ خان کو یہ,clean_printed_dataset
images/printed_word/printed_0631.png,کوایک بارپھرشفقت کامظاہرہ کرتے ہوئے انہیں پاکستان کے دورے کی,clean_printed_dataset
images/printed_word/printed_0632.png,قاتل شہری کی رہائی ڈاکٹر عافیہ صدیقی سے مشروط کرنے,clean_printed_dataset
images/printed_word/printed_0633.png,یہ تمام الزامات، ثبوت اور حلفی بیانات پانی کے بلبلے,clean_printed_dataset
images/printed_word/printed_0634.png,کرتے ہوئے کیا۔ وفد میں پروفیسر خواجہ قمر الحسن، ارشد,clean_printed_dataset
images/printed_word/printed_0635.png,کی طرح بھارتی بورڈ سے ٹیم میں نئے کھلاڑیوں کوشامل,clean_printed_dataset
images/printed_word/printed_0636.png,کی وجہ سے قیمتوں میں اس اضافہ کااعلان نہیں کیاگیا۔,clean_printed_dataset
images/printed_word/printed_0637.png,سامنا ہے، اتنے بڑے مسائل میں چاہئے تو یہ تھا,clean_printed_dataset
images/printed_word/printed_0638.png,اس کانفرنس کا مقصد ماحولیات پر چاروں ملکوں کا مشترکہ,clean_printed_dataset
images/printed_word/printed_0639.png,کا درس شہید ذوالفقار علی بھٹو نے دیا ہے۔,clean_printed_dataset
images/printed_word/printed_0640.png,فرینڈلی اپوزیشن حکومت اور کچھ مذہبی جماعتیں صرف اپنے مفادات,clean_printed_dataset
images/printed_word/printed_0641.png,گرڈ کو ”رقم دو بجلی لو“ کے 20 سالہ معاہدہ,clean_printed_dataset
images/printed_word/printed_0642.png,کو حل کرنے کیلئے تمام پرائیویٹ کالجز کو مشترکہ حکمت,clean_printed_dataset
images/printed_word/printed_0643.png,ریکارڈ کی گئی۔ ہفتہ کو یہاں وفاقی ادارہ شماریات کے,clean_printed_dataset
images/printed_word/printed_0644.png,وہ قلم اپنے لئے تحفتاً حاصل کرلیا جس سے فوجی,clean_printed_dataset
images/printed_word/printed_0645.png,نے آزاد عدلیہ کی بحالی کو پیپلز پارٹی کے ساتھ,clean_printed_dataset
images/printed_word/printed_0646.png,اور انتہائی گھٹیا اور من گھڑت الزام عائد کیا ہے,clean_printed_dataset
images/printed_word/printed_0647.png,انہیں مختلف نجی گاڑیوں میں سول اسپتال سکھر لے جایا,clean_printed_dataset
images/printed_word/printed_0648.png,کے نائب صدر ضیا ء الدین نے صوبائی مشیر کی,clean_printed_dataset
images/printed_word/printed_0649.png,ہوئے ہیں ان کے عزیز و اقارب کے دکھ اور,clean_printed_dataset
images/printed_word/printed_0650.png,قیمتوں میں اضافہ ریکارڈ کیا گیا۔ حکومتی مالیاتی اداروں، مقامی,clean_printed_dataset
images/printed_word/printed_0651.png,کہا کہ اگر سابق صدر مشرف، عمران خان اور الطاف,clean_printed_dataset
images/printed_word/printed_0652.png,اور پاکستانیوں کے خلاف جو نفرت پھیلائی ہے اس پر,clean_printed_dataset
images/printed_word/printed_0653.png,کی ذمہ داریوں کا احساس دلایا جاتا لیکن بی بی,clean_printed_dataset
images/printed_word/printed_0654.png,ملازمین اور بڑے بیوروکریٹس اس سے کئی گنا زیادہ تنخواہیں,clean_printed_dataset
images/printed_word/printed_0655.png,249 کا تعلق لاہور سے ہے۔,clean_printed_dataset
images/printed_word/printed_0656.png,کی دہائی میں ان کے آبائی علاقہ سوئی میں دریافت,clean_printed_dataset
images/printed_word/printed_0657.png,پر تحریک کشمیر برطانیہ کے صدر محمد غالب نے کہا,clean_printed_dataset
images/printed_word/printed_0658.png,ان سے مذکورہ دستاویزات اپنے پی اے کے ذریعے دینے,clean_printed_dataset
images/printed_word/printed_0659.png,جموں کشمیر کی مکمل خودمختاری اور اس کی وحدت پر,clean_printed_dataset
images/printed_word/printed_0660.png,‘ ‘ میں میزبان کامران خان کے ساتھ گفتگو کررہے,clean_printed_dataset
images/printed_word/printed_0661.png,80 فیصد بوجھ اٹھا رکھا ہے، ان اداروں پر کمرشل,clean_printed_dataset
images/printed_word/printed_0662.png,انگیز بیانات کو ملکی یکجہتی اور سلامتی کے خلاف قرار,clean_printed_dataset
images/printed_word/printed_0663.png,اور بلجیم کے وزراء خزانہ نے ڈکشیا گروپ کے خاتمے,clean_printed_dataset
images/printed_word/printed_0664.png,نگار اور اینکر پرسن کی جانب سے بہت اچھالا جارہا,clean_printed_dataset
images/printed_word/printed_0665.png,سرحدی و ریاستی امور شامل ہیں۔ اس حقیقت کو بھی,clean_printed_dataset
images/printed_word/printed_0666.png,بے اثر ہو جائیں گے۔ جاری حسابات کے خسارے کی,clean_printed_dataset
images/printed_word/printed_0667.png,پشاور،بنوں (نمائندہ جنگ،اے ایف پی) بنوں میں اقوام میراخیل اور,clean_printed_dataset
images/printed_word/printed_0668.png,5پارلیمانی کمیٹیاں سرمایہ کاری‘ پارلیمانی امور‘ اقتصادی امور‘ امور کشمیر,clean_printed_dataset
images/printed_word/printed_0669.png,اگر میں ذاتی طورپرعاشقِ رسول نہ ہوتا اور ان کی,clean_printed_dataset
images/printed_word/printed_0670.png,وہ ان کے مقدمے میں انصاف کرسکے گا۔ لہذا عدالت,clean_printed_dataset
images/printed_word/printed_0671.png,کہ کیا آپ اپنے اس موقف پر ڈٹے ہوئے ہیں,clean_printed_dataset
images/printed_word/printed_0672.png,حیثیت سے خطاب کررہے تھے۔ تقریب میں مشیر امور داخلہ,clean_printed_dataset
images/printed_word/printed_0673.png,ردعمل سامنے نہیں آناچاہیے، انہوں نے کہا کہ اختلاف رائے,clean_printed_dataset
images/printed_word/printed_0674.png,کہ پاکستان میں دوسرے مذاہب کے لوگوں کو مارنے کا,clean_printed_dataset
images/printed_word/printed_0675.png,بنائیں ۔دریں ثناء متحدہ قومی موومنٹ کے حق پرست رکن,clean_printed_dataset
images/printed_word/printed_0676.png,سید ضیاء عباس نے کہا ہے کہ اندرون سندھ ہندو,clean_printed_dataset
images/printed_word/printed_0677.png,کا قبضہ کرنا چاہتے ہیں لیکن جب تک ایم کیوایم,clean_printed_dataset
images/printed_word/printed_0678.png,کے مسائل کا حل موجودہ حکومت کے بس کی بات,clean_printed_dataset
images/printed_word/printed_0679.png,تذکرہ کیا لیکن وہ یہ بھول گئے کہ یہ کٹی,clean_printed_dataset
images/printed_word/printed_0680.png,افراد کی فائرنگ سے کوٹری بہار کالونی کارہائشی 40سالہ ٹرک,clean_printed_dataset
images/printed_word/printed_0681.png,سے کراچی واپس پہنچے۔ ان تمام واقعات کے ساتھ جعل,clean_printed_dataset
images/printed_word/printed_0682.png,میں پانچ سیکرٹریوں کو تفتیش کے لئے نہیں بلا سکتا،,clean_printed_dataset
images/printed_word/printed_0683.png,اینڈ نائٹ کرکٹ ٹورنامنٹ 5/ فروری کو پی آئی بی,clean_printed_dataset
images/printed_word/printed_0684.png,اسمٰعیل خان اور کراچی میں امن وامان کی صورتحال خراب,clean_printed_dataset
images/printed_word/printed_0685.png,پاکستان کو اس کا نوٹس لینا چاہئے جس کا اعتراف,clean_printed_dataset
images/printed_word/printed_0686.png,علاقوں میں ہو نے والے ڈرون حملوں کا ازخود نوٹس,clean_printed_dataset
images/printed_word/printed_0687.png,ایک اور جگہ اللہ تعالیٰ کا فرمان ہے کہ ’,clean_printed_dataset
images/printed_word/printed_0688.png,زندگی گزار سکے گا۔ ان کا یہ بھی کہنا تھا,clean_printed_dataset
images/printed_word/printed_0689.png,روم (اے پی پی) اقوام متحدہ نے کہاہے کہ خوراک,clean_printed_dataset
images/printed_word/printed_0690.png,کرکٹ کے ڈھانچے کو منظم کرنے کا فیصلہ کیا ہے۔,clean_printed_dataset
images/printed_word/printed_0691.png,کا اظہار انہوں نے گزشتہ روز ملیر بار ایسوسی ایشن,clean_printed_dataset
images/printed_word/printed_0692.png,پائیں گے۔ چوہدری صابر حسین نے کہا کہ دنیا سے,clean_printed_dataset
images/printed_word/printed_0693.png,اور بھارت کے درمیان دشمن کی حیثیت ابھی تک ختم,clean_printed_dataset
images/printed_word/printed_0694.png,لائینز ایریا ، رنچھوڑ لائن اور اللہ والا مارکیٹ برنس,clean_printed_dataset
images/printed_word/printed_0695.png,رہنماؤں نے مقبوضہ کشمیر میں کشمیر پر بھارت کے تین,clean_printed_dataset
images/printed_word/printed_0696.png,بیوپاریوں کاکہنا ہے کہ اب منڈی مکمل طور پر سرمایہ,clean_printed_dataset
images/printed_word/printed_0697.png,میں شارع فیصل پر حال ہی میں تعمیر کیے گئے,clean_printed_dataset
images/printed_word/printed_0698.png,شور ظاہر کر کے یہ زمین محمد ابراہیم بابو نے,clean_printed_dataset
images/printed_word/printed_0699.png,کیو ایم نہ ہونے کے برابر تھی تو وہ یہ,clean_printed_dataset
images/printed_word/printed_0700.png,کیا گیا ہے۔ ان میں ہیتھرو پر بارڈر فورس کے,clean_printed_dataset
images/printed_word/printed_0701.png,علی شاہ کی حمایت کا فیصلہ کیا ہے۔ معتبر ذرائع,clean_printed_dataset
images/printed_word/printed_0702.png,اور بار بار کہہ رہے تھے کہ کراچی کے ہر,clean_printed_dataset
images/printed_word/printed_0703.png,چیت جاری ہے۔,clean_printed_dataset
images/printed_word/printed_0704.png,گورنمنٹ آرڈیننس1979عارضی طور پر بحال کرنے کا نوٹیفیکیشن جاری کیا,clean_printed_dataset
images/printed_word/printed_0705.png,کی ممبر شپ میں تیزی سے اضافہ ہو رہا ہے۔,clean_printed_dataset
images/printed_word/printed_0706.png,مدد مل سکے مقتولہ نے کالے رنگ کی شلوار قمیض,clean_printed_dataset
images/printed_word/printed_0707.png,آزمائشیںآ تی ہیں اور ایسے وقت پر فوج و دیگر,clean_printed_dataset
images/printed_word/printed_0708.png,کہ جدید ہتھیاروں سے لیس بھتہ مافیا اور جرائم پیشہ,clean_printed_dataset
images/printed_word/printed_0709.png,تنخواہوں میں اضافے کے اعلان کو سراہتے ہوئے اس اضافے,clean_printed_dataset
images/printed_word/printed_0710.png,نے بول میں کہنے کی جرات کی ہے۔ انہوں نے,clean_printed_dataset
images/printed_word/printed_0711.png,کیلئے کچھ مقاصد حاصل کرنے کی ضمانت چاہتے ہیں۔ (a),clean_printed_dataset
images/printed_word/printed_0712.png,غوری نے اس موقع پر کراچی کی انتظامیہ سے کانفرنس,clean_printed_dataset
images/printed_word/printed_0713.png,صرف دل سے احترام کرتی ہے بلکہ فرقہ وارانہ ہم,clean_printed_dataset
images/printed_word/printed_0714.png,میں پاکستان کی عسکری اور معاشی امداد بند کرنے کی,clean_printed_dataset
images/printed_word/printed_0715.png,سحر فاؤنڈیشن اسٹریٹ چلڈرن کے لئے طبی و تفریحی پروگرام,clean_printed_dataset
images/printed_word/printed_0716.png,ہزارہ عوام کا قتل عام بند نہ کیا گیا تو,clean_printed_dataset
images/printed_word/printed_0717.png,کراچی(اسٹاف رپورٹر) زمبابوے کے خلاف بولاوایو ٹیسٹ میں شاندار پرفارمنس,clean_printed_dataset
images/printed_word/printed_0718.png,ذوالفقار مرزا کیخلاف نعرے لگا رہے تھے، مظاہرین نے ڈاکٹر,clean_printed_dataset
images/printed_word/printed_0719.png,کو بتایاکہ پولیس نے مظاہرین کو منتشر کرنے کیلئے لاٹھی,clean_printed_dataset
images/printed_word/printed_0720.png,اسکول آف مینجمنٹ ، یونیورسٹی آف ٹورنٹو کے ماہرین نے,clean_printed_dataset
images/printed_word/printed_0721.png,اور آلات بھی برآمد ہوئے ہیں۔ جمعہ کے روز ذرائع,clean_printed_dataset
images/printed_word/printed_0722.png,ایک ٹرک ڈرائیور ندیم زخمی ہوگئے جبکہ ملزمان فرار ہونے,clean_printed_dataset
images/printed_word/printed_0723.png,کہ کسی بھی پیغمبر اسلام کی توہین کی سزا موت,clean_printed_dataset
images/printed_word/printed_0724.png,ہمارا شروع سے مطالبہ رہا ہے کہ پولیس و انتظامیہ,clean_printed_dataset
images/printed_word/printed_0725.png,لندن (پی اے) بزنس کے وزیر ونس کیبل نے سینٹ,clean_printed_dataset
images/printed_word/printed_0726.png,شہداء کے لواحقین کے ساتھ اظہار یکجہتی کیلئے کراچی بار,clean_printed_dataset
images/printed_word/printed_0727.png,فہمی پیدا کرنے کی کوشش کی گئی ہے۔ اگر ایم,clean_printed_dataset
images/printed_word/printed_0728.png,جمشیدکوارٹرزکے علاقے مارٹن کوارٹرزکا رہائشی تھا۔ پولیس نے لاش کو,clean_printed_dataset
images/printed_word/printed_0729.png,کشمیر میں لمیٹڈ کمپنیاں بند ہوجائیں گی۔,clean_printed_dataset
images/printed_word/printed_0730.png,ذرائع کے مطابق لائیو اسٹاک ڈپارٹمنٹ میں کام کرنے والے,clean_printed_dataset
images/printed_word/printed_0731.png,سے گزر رہا ہے جب غیر ملکی ہماری نس نس,clean_printed_dataset
images/printed_word/printed_0732.png,گئے ہیں۔سیکورٹی کے تحت واک تھرو گیٹ تک نصب کیے,clean_printed_dataset
images/printed_word/printed_0733.png,کے بارے میں کئی بار جو کچھ فرمایا ہے اس,clean_printed_dataset
images/printed_word/printed_0734.png,ای کے ذریعے ای سی ایل سے نکالا گیا جس,clean_printed_dataset
images/printed_word/printed_0735.png,جبکہ 23افراد کان میں پھنسے ہوئے ہیں جبکہ امدادی کارروائیاں,clean_printed_dataset
images/printed_word/printed_0736.png,فراہم کرنے والی کمپنی کی حریف تھی۔ امریکی سفیر این,clean_printed_dataset
images/printed_word/printed_0737.png,ہونے والے دھماکے کے باعث کم ازکم 20کان کن ہلاک,clean_printed_dataset
images/printed_word/printed_0738.png,استحکام رہا۔ سرمایہ کاری مالیت میں3ارب76 کروڑ 80 لاکھ 52,clean_printed_dataset
images/printed_word/printed_0739.png,نہیں ہوئی۔ ایک سوال کے جواب میں اُنہوں نے کہا,clean_printed_dataset
images/printed_word/printed_0740.png,نواب شاہ‘ لاہور ، کراچی(اسٹاف رپورٹر،بیورو رپورٹ،ایجنسیاں ) صدر مملکت,clean_printed_dataset
images/printed_word/printed_0741.png,میمن‘ شہلا رضا سمیت کئی اہم صوبائی اراکین اسمبلی نے,clean_printed_dataset
images/printed_word/printed_0742.png,شامل ہیں جن میں 47 اراکین نے الگ نشستوں کیلئے,clean_printed_dataset
images/printed_word/printed_0743.png,کی صلاحیتوں کی تعریف کرتے ہوئے کہا کہ آپ نے,clean_printed_dataset
images/printed_word/printed_0744.png,ایسوسی ایشن کی اسپاٹ ریٹ کمیٹی نے بھی اسپاٹ ریٹ,clean_printed_dataset
images/printed_word/printed_0745.png,کئی روز سے منقطع ہے اورشکایات درج کرانے کیلئے KESCکے,clean_printed_dataset
images/printed_word/printed_0746.png,لئے ضرور ی ہے جبکہ جرگہ اور کارو کاری کے,clean_printed_dataset
images/printed_word/printed_0747.png,نے عدالت سے ٹارگٹ کلرز کی رہائی پر تشویش کا,clean_printed_dataset
images/printed_word/printed_0748.png,60 لاکھ روپے رہا تھا۔ اسی عرصہ کے دوران برآمدات,clean_printed_dataset
images/printed_word/printed_0749.png,لگانے کے لیے ان دنوں جرمنی میں ہیں جہاں یورپی,clean_printed_dataset
images/printed_word/printed_0750.png,نے جنرل سیکرٹری بیگم سفینہ چوہدری کی رہائش گاہ پر,clean_printed_dataset
images/printed_word/printed_0751.png,کو محفوظ نہیں سمجھ سکتے، بلوچستان ، قبائلی علاقے اور,clean_printed_dataset
images/printed_word/printed_0752.png,کو خاک و خون میں نہلانے والے کون تھے؟ سانحہ,clean_printed_dataset
images/printed_word/printed_0753.png,جاری کی جس کے مطابق ایران پہلی مرتبہ ایک ایٹمی,clean_printed_dataset
images/printed_word/printed_0754.png,نبوت کے سلسلے میں گلشن حدید میں ختم نبوت کانفرنس,clean_printed_dataset
images/printed_word/printed_0755.png,ہے تو خدارا اپنی آنکھوں سے نفرت اور تعصب کی,clean_printed_dataset
images/printed_word/printed_0756.png,کا تربیتی کیمپ پیرکو نصیر بندہ ہاکی اسٹیڈیم اسلام آباد,clean_printed_dataset
images/printed_word/printed_0757.png,کرتے ہوئے کاشف اور عاطف نے اس بات پر زور,clean_printed_dataset
images/printed_word/printed_0758.png,فروخت اور قیمت خرید میں بالترتیب 21 پیسے اور 20,clean_printed_dataset
images/printed_word/printed_0759.png,پیٹرسن نے مراسلے میں مزید لکھا کہ پاکستانی امریکی وزٹ,clean_printed_dataset
images/printed_word/printed_0760.png,محمد احمد پٹیل اسپتال میں زیرعلاج ہیں۔ محمد صدیق کے,clean_printed_dataset
images/printed_word/printed_0761.png,ق تیسری بڑی سیاسی طاقت بن کر ابھری ہے۔ شانگلہ,clean_printed_dataset
images/printed_word/printed_0762.png,بنیادی سطح اور ادارہ جاتی مشاورت کی گئی جس کا,clean_printed_dataset
images/printed_word/printed_0763.png,مصوروں تصدق سہیل، چترا پریتم، وصی حیدر، عظیم اللہ بابر,clean_printed_dataset
images/printed_word/printed_0764.png,ذمہ داران کو ہدایت کی ہے کہ زخمیوں کے بہتر,clean_printed_dataset
images/printed_word/printed_0765.png,ای ڈی او مصطفی جمال قاضی کے اس فیصلہ پر,clean_printed_dataset
images/printed_word/printed_0766.png,سی صوبوں کو منتقل ہوچکی ہے اس ضمن میں صرف,clean_printed_dataset
images/printed_word/printed_0767.png,کی کوئی اہمیت نہیں ہوتی کبھی بھی کچھ بھی ہو,clean_printed_dataset
images/printed_word/printed_0768.png,تھے۔ واضح رہے کہ کلارک کو گزشتہ ہفتہ بارڈر ایجنسی,clean_printed_dataset
images/printed_word/printed_0769.png,راستہ بند کئے رکھا تھا۔ وزیر اعظم ڈیوڈ کیمرون نے,clean_printed_dataset
images/printed_word/printed_0770.png,کرنے والی طالبات نے کہا ہے کہ طلبہ کو مشکلات,clean_printed_dataset
images/printed_word/printed_0771.png,دو چار ہیں، چار میں سے تین یعنی 75 فیصد,clean_printed_dataset
images/printed_word/printed_0772.png,کے فروغ کیلئے کام کرنا چاہئے تاکہ طلبہ و طالبات,clean_printed_dataset
images/printed_word/printed_0773.png,ٹریفک بلاک کرنے اور منتشر ہونے سے انکار پر 129,clean_printed_dataset
images/printed_word/printed_0774.png,جانب ایس ایم کرشنا نے صحافیوں سے گفتگو میں کہا,clean_printed_dataset
images/printed_word/printed_0775.png,کی صدارت میں پی ایم اے ہاؤس میں منعقد ہوا۔,clean_printed_dataset
images/printed_word/printed_0776.png,نے کہاکہ جماعت اسلامی کشمیریوں سے اظہار یکجہتی کے لیے,clean_printed_dataset
images/printed_word/printed_0777.png,انجن میںآ گ لگنے کا واقعہ پیش آیا تھا۔ ذرائع,clean_printed_dataset
images/printed_word/printed_0778.png,نے ایسوسی ایشن آف بلڈرز اینڈ ڈیولپرز ( آباد) کے,clean_printed_dataset
images/printed_word/printed_0779.png,منفرد نوعیت کے ہونگے اور عوام عید کے بعد تبدیلی,clean_printed_dataset
images/printed_word/printed_0780.png,کہ محکمہ کے ملازمین کی 1992ء سے سینارٹی لسٹ ایک,clean_printed_dataset
images/printed_word/printed_0781.png,اشیاء پر کسٹم ڈیوٹی صفر کردی ہے لیکن اس سے,clean_printed_dataset
images/printed_word/printed_0782.png,مطالبہ کیا۔,clean_printed_dataset
images/printed_word/printed_0783.png,ہیں۔ حکومت نے پبلک اکاؤنٹس کمیٹی کا ذکر کیا ہے,clean_printed_dataset
images/printed_word/printed_0784.png,اندر جب کوئی جماعت عتاب میں آتی ہے اس میں,clean_printed_dataset
images/printed_word/printed_0785.png,پر پاکستان کو ٹارگٹ کیا، جن لوگوں کے انٹرویو اس,clean_printed_dataset
images/printed_word/printed_0786.png,کے حصص میں ریکارڈ کی گئی جس کے حصص کی,clean_printed_dataset
images/printed_word/printed_0787.png,کروز میزائل کا ڈیزائن تیار کرنے میں مدد ملی تھی۔,clean_printed_dataset
images/printed_word/printed_0788.png,امور کشمیر‘ انسداد منشیات‘ منصوبہ بندی و ترقیات‘ خصوصی اقدامات‘,clean_printed_dataset
images/printed_word/printed_0789.png,میں 15.09 فیصد اضافہ ریکارڈ کیا گیا۔ وفاقی ادارہ شماریات,clean_printed_dataset
images/printed_word/printed_0790.png,ہوں گے اتنی جلدی وہ پانی کے بلبلے کی طرح,clean_printed_dataset
images/printed_word/printed_0791.png,گئے ہیں۔قصور سے جعلی پیر کے تشدد سے مرنے والے,clean_printed_dataset
images/printed_word/printed_0792.png,ہے کہ اگر انہیں بنگلہ دیش کے دورے کے دوران,clean_printed_dataset
images/printed_word/printed_0793.png,امور پر تفصیلی بات چیت کی ہے اور یہ بہت,clean_printed_dataset
images/printed_word/printed_0794.png,طلب کی ہے۔ ایک بھارتی میڈیا کے مطابق وزیر اعظم,clean_printed_dataset
images/printed_word/printed_0795.png,ڈاکٹر ٹیرینس تھامس ٹیلر نے کہا کہ دوروزہ بین الا,clean_printed_dataset
images/printed_word/printed_0796.png,ہے، اس کے پاس انسانی اورمالی وسائل کی صورت میں,clean_printed_dataset
images/printed_word/printed_0797.png,گئے، اُن کی عمر 71/سال تھی، ان کی تدفین ڈیفنس,clean_printed_dataset
images/printed_word/printed_0798.png,ہے کہ انڈین پانیوں میں جہاز کے 100گھنٹے سے زائد,clean_printed_dataset
images/printed_word/printed_0799.png,شہزاد چوہدری نے مزید کہا کہ حالات کی خرابی میں,clean_printed_dataset
images/printed_word/printed_0800.png,جا رہی تھی۔,clean_printed_dataset
images/printed_word/printed_0801.png,اس بار کہیں ویسا ہی طوفان یا قدرتی آفت نہ,clean_printed_dataset
images/printed_word/printed_0802.png,شخص جاں بحق اور 4 افراد زخمی ہوگئے۔ تفصیلات کے,clean_printed_dataset
images/printed_word/printed_0803.png,حسین اور دیگر رہنماؤں نے لاہور اور کراچی ملیر15میں ہونے,clean_printed_dataset
images/printed_word/printed_0804.png,نے تصادم کو روکے رکھا جبکہ پولیس کی بھاری نفری,clean_printed_dataset
images/printed_word/printed_0805.png,اس بات پر یقین رکھتا ہے کہ اس وقت مشرقی,clean_printed_dataset
images/printed_word/printed_0806.png,رجحان تیزی سے بڑھ رہا ہے جس کو روکنا حکومت,clean_printed_dataset
images/printed_word/printed_0807.png,گزشتہ کئی روز سے منقطع ہے اور شکایات درج کرانے,clean_printed_dataset
images/printed_word/printed_0808.png,معالجے کی سہولت حاصل تھی جوارکان کو نوٹس جاری کئے,clean_printed_dataset
images/printed_word/printed_0809.png,اور لانڈھی، ریلوے کالونی میں نامعلوم افراد کی فائرنگ سے,clean_printed_dataset
images/printed_word/printed_0810.png,اضافی توجہ حاصل کرنے کیلئے مقبوضہ وال سٹریٹ کے نام,clean_printed_dataset
images/printed_word/printed_0811.png,صعوبتیں مہاجر اسلاف کی مقدس روایت ہے اور ایسٹ انڈیا,clean_printed_dataset
images/printed_word/printed_0812.png,اکبر بگٹی نے ایک بیان میں کہا ہے کہ بلوچستان,clean_printed_dataset
images/printed_word/printed_0813.png,کرکے جبکہ ٹاپ پاکستان عامر اطلس خان بھی شکست کھا,clean_printed_dataset
images/printed_word/printed_0814.png,مکہ کے بعد اپنے چچاحضرت امیرحمزہ  کو شہیدکرکے انکا,clean_printed_dataset
images/printed_word/printed_0815.png,پر کابینہ سے برطرف کرنا چاہئے۔,clean_printed_dataset
images/printed_word/printed_0816.png,درد کو ہم بہتر طور پر سمجھتے ہیں کیونکہ کشمیری,clean_printed_dataset
images/printed_word/printed_0817.png,چینی زبان کی تدریس کے حوالے سے ان کا کہنا,clean_printed_dataset
images/printed_word/printed_0818.png,دوران پرچہ باہر نکال کر پرچہ ضبط کر لیں ادھر,clean_printed_dataset
images/printed_word/printed_0819.png,اداروں کے لالچ اور سماجی عدم مساوات کیخلاف بول رہے,clean_printed_dataset
images/printed_word/printed_0820.png,اسمبلی کے اپوزیشن لیڈر چوہدری نثار علی خان‘ سینیٹ کے,clean_printed_dataset
images/printed_word/printed_0821.png,سی آئی) کے صدر محمد سعید شفیق نے اطمینان کا,clean_printed_dataset
images/printed_word/printed_0822.png,مسز سونی کی کتاب فکر نسیم کی رونمائی بھی ہوئی,clean_printed_dataset
images/printed_word/printed_0823.png,پیغام میں وزیراعلیٰ سند ھ سید قائم علی شاہ نے,clean_printed_dataset
images/printed_word/printed_0824.png,واضح رہے کہ بنگلہ دیش میں ہلسا مچھلی کو بہت,clean_printed_dataset
images/printed_word/printed_0825.png,یہ بات انہوں نے ایسٹ لندن میں ذیشان اشرف کی,clean_printed_dataset
images/printed_word/printed_0826.png,نے انسداد پولیو مہم کے سلسلے میں منعقدہ اجلاس کی,clean_printed_dataset
images/printed_word/printed_0827.png,کی صورت میں اولین میرٹ پر داخلہ دیا جائے اور,clean_printed_dataset
images/printed_word/printed_0828.png,نے کہا ہے کہ مخالفین نے میرے علاقے میں بدمعاشی,clean_printed_dataset
images/printed_word/printed_0829.png,بھی شامل ہے۔ رواں مالی سال کے ابتدائی 9 ماہ,clean_printed_dataset
images/printed_word/printed_0830.png,اپنائی جاتیں تو یہ مسئلہ کب کا حل ہوجاتا۔ محمد,clean_printed_dataset
images/printed_word/printed_0831.png,سے پاک نہیں کردیا جاتا۔ گذشتہ24 گھنٹوں کے دوران رینجرز,clean_printed_dataset
images/printed_word/printed_0832.png,پر اتفاق کیا ہے۔ یہ اتفاق رائے پاک بھارت وزرائے,clean_printed_dataset
images/printed_word/printed_0833.png,16ہزار814 افراد کے لیے ایک رجسٹرڈ ڈینٹسٹ ہے،یوں گزشتہ عشر,clean_printed_dataset
images/printed_word/printed_0834.png,شدید اضافہ ہو گیا اور آنے والے عشرے میں سندھ,clean_printed_dataset
images/printed_word/printed_0835.png,ویک کا انعقاد کیا جا رہا ہے نے کہا ہے,clean_printed_dataset
images/printed_word/printed_0836.png,کے 10سال بعد دنیا اور بالخصوص جنوبی ایشیاپہلے سے زیادہ,clean_printed_dataset
images/printed_word/printed_0837.png,ان درخواست دہندگان کی تلاش کیلئے لامحدود وقت نہیں دیا,clean_printed_dataset
images/printed_word/printed_0838.png,مختلف علاقوں میں قائم عقوبت خانوں میں وحشیانہ تشدد کا,clean_printed_dataset
images/printed_word/printed_0839.png,تھا پولیس نے ملزم معصوم کے خلاف مقدمہ درج کرکے,clean_printed_dataset
images/printed_word/printed_0840.png,ہی سے کیوں جا ملتے ہیں تو انہوں نے سوال,clean_printed_dataset
images/printed_word/printed_0841.png,فرار ہوگیا زخمی خاتون کو جناح اسپتال لایا گیا پولیس,clean_printed_dataset
images/printed_word/printed_0842.png,نے شہر کے مختلف علاقوں میں ٹارگٹڈ آپریشن کرکے بھاری,clean_printed_dataset
images/printed_word/printed_0843.png,ایڈووکیٹ، انور شعور، اطہر شاہ خان جیدی، توقیر اے خان,clean_printed_dataset
images/printed_word/printed_0844.png,روڈ کا پیدل گشت کیا وہ کیچڑ اور گندے پانی,clean_printed_dataset
images/printed_word/printed_0845.png,وقوعہ سے ملنے والا سر پولیس اہلکار کامران قریشی کا,clean_printed_dataset
images/printed_word/printed_0846.png,کر لیا گیا ہے۔ جائیکا کے ماہرین نے کراچی ٹرانسپورٹ,clean_printed_dataset
images/printed_word/printed_0847.png,درمیان مشترک ہے۔ یہ کیمپ لندن سٹاک ایکسچنج پر قبضہ,clean_printed_dataset
images/printed_word/printed_0848.png,کرنے کے لئے اندرون سندھ تبادلے کی صورت میں بھی,clean_printed_dataset
images/printed_word/printed_0849.png,کہ فون ہیکنگ سکینڈلز میں تازہ شواہد ملنے کے بعد,clean_printed_dataset
images/printed_word/printed_0850.png,ملتوی کردی۔ سابق لیبر ممبر پارلیمنٹ ڈیوڈ چیٹر پہلے شخص,clean_printed_dataset
images/printed_word/printed_0851.png,دوران جی ڈی پی کی شرح 2 سے 3 فیصد,clean_printed_dataset
images/printed_word/printed_0852.png,اپیل کریں اپنے چینل کے تھرو ان غیرت مند پاکستانیوں,clean_printed_dataset
images/printed_word/printed_0853.png,کراچی (اسٹاف رپورٹر) 9 اپریل کے سانحہ کی مذمت اور,clean_printed_dataset
images/printed_word/printed_0854.png,کے مقابلے میں 289.16 ملین ڈالر یا تقریباً 38 فیصد,clean_printed_dataset
images/printed_word/printed_0855.png,گئیں جبکہ مارچ 2011ء کے دوران برآمدی حجم 2 کھرب,clean_printed_dataset
images/printed_word/printed_0856.png,ہے کہ ممبران کی تنخواہوں اور مراعات میں اضافے کی,clean_printed_dataset
images/printed_word/printed_0857.png,شامل کیا گیا ہے۔ (اراکین سینیٹ) سینیٹ کے جن 21ارکان,clean_printed_dataset
images/printed_word/printed_0858.png,کے لئے 2فیصد کوٹہ مختص کیا جانا انتہائی مستحسن فیصلہ,clean_printed_dataset
images/printed_word/printed_0859.png,اطمینان کا اظہار کیا ہے قبل ازیں نوابشاہ میں صدر,clean_printed_dataset
images/printed_word/printed_0860.png,اورگاڑیوں پر پتھراؤ کا سلسلہ جاری رہا۔ احتجاج کے دوران,clean_printed_dataset
images/printed_word/printed_0861.png,الگ الگ اجلاس طلب کر لیے ہیں تاہم کلب کرکٹ,clean_printed_dataset
images/printed_word/printed_0862.png,عائد غیراعلانیہ پابندی کا خاتمہ اور سرگرم سیاسی کردار ادا,clean_printed_dataset
images/printed_word/printed_0863.png,"نمبر 99231226, 99230320 پر رابطہ کرکے یا شہر کے مختلف",clean_printed_dataset
images/printed_word/printed_0864.png,ملکی معاملات میں مداخلت کریں تو یہ مناسب نہیں ہے۔,clean_printed_dataset
images/printed_word/printed_0865.png,جمشیدکوارٹرزکے علاقے مارٹن کوارٹرزکا رہائشی تھا۔ پولیس نے لاش کو,clean_printed_dataset
images/printed_word/printed_0866.png,بھی دیکھا کہ نواز شریف نے آصف زرداری اور بینظیر,clean_printed_dataset
images/printed_word/printed_0867.png,نہیں ہے ۔ ذوالفقار مرزا کا کہنا تھا کہ پی,clean_printed_dataset
images/printed_word/printed_0868.png,نقل نہ کرنے دیں اور نقل کرتے ہوئے طالبعلم کو,clean_printed_dataset
images/printed_word/printed_0869.png,درمیان آکر کسی بھی ناخوش گوار واقعہ کوروک لیا۔پاکستانی اوریونانی,clean_printed_dataset
images/printed_word/printed_0870.png,نتیجہ ہے ۔ان تین طیاروں میں سے دو طیاروں کے,clean_printed_dataset
images/printed_word/printed_0871.png,نے یہ چونکا دینے والا انکشاف بھی کیا کہ سری,clean_printed_dataset
images/printed_word/printed_0872.png,گولارچی ( نامہ نگار) گولارچی میں صدر زرداری اور وزیر,clean_printed_dataset
images/printed_word/printed_0873.png,گھنٹے کی 4/ مرتبہ بجلی کی لوڈشیڈنگ ہفتے کو بھی,clean_printed_dataset
images/printed_word/printed_0874.png,اداکاروں نے بھی اپنے کیمپ لگائے ہیں۔کئی خواتین نے بھی,clean_printed_dataset
images/printed_word/printed_0875.png,ماہ اس کا عملہ سمندر میں چھوڑ کر آ گیا,clean_printed_dataset
images/printed_word/printed_0876.png,ختم ہو گئی۔ ذرائع نے بتایا ہے کہ سندھ ہائیکورٹ,clean_printed_dataset
images/printed_word/printed_0877.png,کھالیں جمع کرکے سیاسی جماعتیں نہیں چلانے دیں گے، چیف,clean_printed_dataset
images/printed_word/printed_0878.png,کہا ہے کہ ڈاکٹر اے کیو خان انسٹی ٹیوٹ ،جامعہ,clean_printed_dataset
images/printed_word/printed_0879.png,کی عدالت نے سائٹ تھانے کی حدود سے ڈکیتی کے,clean_printed_dataset
images/printed_word/printed_0880.png,ڈرائیور حضرات کیماڑی سے براستہ مائی کولاچی وایم ٹی خان,clean_printed_dataset
images/printed_word/printed_0881.png,ٹیم میں شامل کیا ہے۔ ایک سوال پر انہوں نے,clean_printed_dataset
images/printed_word/printed_0882.png,کراچی (اسٹاف رپورٹر)متحدہ قومی موومنٹ کے فلاحی ادارے خدمت خلق,clean_printed_dataset
images/printed_word/printed_0883.png,دیگر ججز کے ساتھ ان کی تقرری کا نوٹیفکیشن جاری,clean_printed_dataset
images/printed_word/printed_0884.png,جوائنٹ سیکرٹری محمد عامر اقبال مدنی نے پریس کانفرنس میں,clean_printed_dataset
images/printed_word/printed_0885.png,لوٹا ساز فیکٹری کے سوا صوبہ کی تمام فیکٹریاں بند,clean_printed_dataset
images/printed_word/printed_0886.png,فروخت کی جا رہی ہے۔,clean_printed_dataset
images/printed_word/printed_0887.png,سربراہی میں چار رُکنی بنچ نے کیس کی سماعت کی۔,clean_printed_dataset
images/printed_word/printed_0888.png,کی حامل ہیں، وزیراعظم نے کتاب میں لکھا کہ برسوں,clean_printed_dataset
images/printed_word/printed_0889.png,رہنما غلام مصطفی ایڈووکیٹ‘ پروین بشیر‘نیشنل پیپلزپارٹی کے سید ضیاء,clean_printed_dataset
images/printed_word/printed_0890.png,جماعت ہے لیکن کتنے پاکستانیوں کو یاد ہے کہ نیشنل,clean_printed_dataset
images/printed_word/printed_0891.png,کو علاج فراہم کیا گیاہے۔,clean_printed_dataset
images/printed_word/printed_0892.png,تھا۔,clean_printed_dataset
images/printed_word/printed_0893.png,خان، جماعت الدعوة کے محمد انس عباسی، تحریک حرمت رسول,clean_printed_dataset
images/printed_word/printed_0894.png,اس پر بروقت کوئی کارروائی نہیں کی گئی اور اس,clean_printed_dataset
images/printed_word/printed_0895.png,نے تصدیق کی کہ اب شادی ان کے پروگرام میں,clean_printed_dataset
images/printed_word/printed_0896.png,علی، 34ویں، عمر اکمل 35ویں نمبر پر موجود ہیں۔ آف,clean_printed_dataset
images/printed_word/printed_0897.png,نے قطاروں سے نمٹنے میں آسانی کیلئے خاموشی کے ساتھ,clean_printed_dataset
images/printed_word/printed_0898.png,ہوئی۔,clean_printed_dataset
images/printed_word/printed_0899.png,اپنی صاحبزادی کاتعارف کرایا۔وزیراعظم نے افضاء الطاف سے شفقت کامظاہرہ,clean_printed_dataset
images/printed_word/printed_0900.png,ملین ڈالر، 64.71 ملین ڈالر اور 18.15 ملین ڈالر کی,clean_printed_dataset
images/printed_word/printed_0901.png,پولیس نے مقدمہ درج نہیں کیا تھا۔,clean_printed_dataset
images/printed_word/printed_0902.png,دھرنے کے شرکاء سے سید عرفان علی شاہ شاہنواز برفت,clean_printed_dataset
images/printed_word/printed_0903.png,مہتاب علی، حسنہ ناز اور دیگر نے بھی شرکت کی۔,clean_printed_dataset
images/printed_word/printed_0904.png,کا نہ جھول ہے نہ بوریت کا گمان۔ شروع سے,clean_printed_dataset
images/printed_word/printed_0905.png,اس نے یہ جھوٹی خبر کیوں دی، یہ بھی اسے,clean_printed_dataset
images/printed_word/printed_0906.png,کریں۔ ذرائع نے تصدیق کی کہ میاں داد کو شوکاز,clean_printed_dataset
images/printed_word/printed_0907.png,عالمی ماحولیات کانفرنس میں پیش کرنا ہے۔ تاہم ماحولیات اور,clean_printed_dataset
images/printed_word/printed_0908.png,معاملہ زیر بحث نہیں آیا۔ پی سی بی کے چیئرمین,clean_printed_dataset
images/printed_word/printed_0909.png,سال بحال ہوا تھا۔ ڈاکٹر منموہن سنگھ نے کہا کہ,clean_printed_dataset
images/printed_word/printed_0910.png,دی ہے اس پابندی کا اطلاق تمام سرکاری اداروں پر,clean_printed_dataset
images/printed_word/printed_0911.png,یہ چوکنا ہونے کی گھڑی ہے۔ فنانشل پریشر کی وجہ,clean_printed_dataset
images/printed_word/printed_0912.png,نجی اداروں میں بھی نافذ العمل کرنے پر زور دیا,clean_printed_dataset
images/printed_word/printed_0913.png,خلاف یہ مظاہرین ان احساسات کا اظہار کررہے ہیں کہ,clean_printed_dataset
images/printed_word/printed_0914.png,میں ٹریبونل نے قرار دیا کہ چونکہ وہ ایڈہاک بنیاد,clean_printed_dataset
images/printed_word/printed_0915.png,اور محترمہ بے نظیر بھٹو شہید سمیت آصف زرداری سمیت,clean_printed_dataset
images/printed_word/printed_0916.png,حکمران امریکہ کے عزائم ناکام بنانے کیلئے قومی وحدت کیلئے,clean_printed_dataset
images/printed_word/printed_0917.png,سرحدی استحکام ، قومی سیکورٹی کے تحفظ اور امیگریشن میں,clean_printed_dataset
images/printed_word/printed_0918.png,خان‘ مظفر الملک‘ سید علاؤ الدین‘ شہزادہ محی الدین‘ لال,clean_printed_dataset
images/printed_word/printed_0919.png,پیش کی جانے والی رپورٹ میں یہ بھی انکشاف کیا,clean_printed_dataset
images/printed_word/printed_0920.png,دفاعی چیف اور اسرائیلی وزیر اعظم نیتن یاہو کے درمیان,clean_printed_dataset
images/printed_word/printed_0921.png,دلایا۔ 35 فی صد نے کہا کہ وہ اپنے دوستوں,clean_printed_dataset
images/printed_word/printed_0922.png,جنگ جاری رکھے گی۔,clean_printed_dataset
images/printed_word/printed_0923.png,کہ فی الوقت سانحہ سمجھوتہ ایکسپریس کی تحقیقات کی تفصیلات,clean_printed_dataset
images/printed_word/printed_0924.png,اور درپیش چینلجز سے نبرد آزما ہونے کے لئے حکمت,clean_printed_dataset
images/printed_word/printed_0925.png,سیاسی ومذہبی جماعتوں کو اتحاد واتفاق اور قومی یکجہتی کا,clean_printed_dataset
images/printed_word/printed_0926.png,کی ریاست ٹیکساس کے شہر ڈیلس میں فرینڈز آف MCC,clean_printed_dataset
images/printed_word/printed_0927.png,دھرنے کے شرکاء نے ڈپی ٹی او فاروق جمالی کے,clean_printed_dataset
images/printed_word/printed_0928.png,برداشت کرنا پڑے گا۔ اسٹیٹ بینک آف پاکستان کی جانب,clean_printed_dataset
images/printed_word/printed_0929.png,طالبات کا رجحان ان ممالک کی طرف ہے تاکہ وہ,clean_printed_dataset
images/printed_word/printed_0930.png,گرفتار مختلف ٹارگٹ کلرز کے مبینہ حلفی بیانات انہوں نے,clean_printed_dataset
images/printed_word/printed_0931.png,لے رہی ہے۔ پاکستانی جونیئر ٹیم کے گول کیپنگ کوچ,clean_printed_dataset
images/printed_word/printed_0932.png,مسلمانوں کو امن و سلامتی کاپیغام دیتا ہے بلکہ وہ,clean_printed_dataset
images/printed_word/printed_0933.png,کٹوزئی‘ سعیدہ بتول ناصرہ‘ پرویز خٹک اور وجیہ الزمان خان,clean_printed_dataset
images/printed_word/printed_0934.png,جب وہ حزب اختلاف میں تھے۔دریں اثناء جیو نیوز کے,clean_printed_dataset
images/printed_word/printed_0935.png,لاٹ اور دیگر نے لاہور اور کراچی میں بم دھماکوں,clean_printed_dataset
images/printed_word/printed_0936.png,موضوع پر ہونے والے اس مباحثے میں دفاعی تجزیہ کار,clean_printed_dataset
images/printed_word/printed_0937.png,ڈی او ریونیو کی جانب سے معطل کی گئی تمام,clean_printed_dataset
images/printed_word/printed_0938.png,کا آغاز کیا جارہا ہے جس میں سے ایک منصوبہ,clean_printed_dataset
images/printed_word/printed_0939.png,آرہے۔ اگر دہشت گردی اور اندرونی خلفشار نہ ہوتا تو,clean_printed_dataset
images/printed_word/printed_0940.png,اہم ضرورت ہے۔ ان خیالات کا اظہار مسلم کانفرنس یورپ,clean_printed_dataset
images/printed_word/printed_0941.png,بڑھنے کی وجہ سے مقامی صرافہ مارکیٹوں میں سونے کی,clean_printed_dataset
images/printed_word/printed_0942.png,سے قوم کا مداوا نہیں ہوگا، ملک کی ترقی اور,clean_printed_dataset
images/printed_word/printed_0943.png,ایڈووکیٹ، انور انصاری، شہناز نور، فاضل جمیلی، راشد نور، اختر,clean_printed_dataset
images/printed_word/printed_0944.png,ہیں جبکہ وولٹیج کم ہونے کی شکایات مسلسل مل رہی,clean_printed_dataset
images/printed_word/printed_0945.png,پر چینی قیادت کیساتھ اپنی ملاقاتوں بارے بھی آرمی چیف,clean_printed_dataset
images/printed_word/printed_0946.png,دی ہے۔ یہ ایک معمول کی بات ہے۔ انہوں نے,clean_printed_dataset
images/printed_word/printed_0947.png,خلاف بہتر اقدامات کر سکیں۔ہیلتھ کی یونیسن ہیڈ کرسٹینا میک,clean_printed_dataset
images/printed_word/printed_0948.png,ہے۔ واضح رہے کہ ٹی ایم اے دادو کو حکومت,clean_printed_dataset
images/printed_word/printed_0949.png,ویں سارک سربراہ کانفرنس کے موقع پر پاک بھارت وزرائے,clean_printed_dataset
images/printed_word/printed_0950.png,کی نیلامی کی جاتی ہے اور بیچے جاتے ہیں ،مسٹر,clean_printed_dataset
images/printed_word/printed_0951.png,جزیرے پر خریدے گئے اپنے شاندار مکان کے قرض کی,clean_printed_dataset
images/printed_word/printed_0952.png,کیلی وار زینک نے کہا ہے کہ خاندانی تعلقات بر,clean_printed_dataset
images/printed_word/printed_0953.png,پر مزید کام کی ضرورت ہے۔ مہمان خصوصی سیکرٹری جنرل,clean_printed_dataset
images/printed_word/printed_0954.png,ہم آمریت کی باقیات کو ختم کرنے کا عزم کئے,clean_printed_dataset
images/printed_word/printed_0955.png,ایک بیٹی،3 نواسیاں اور دو ملازمائیں شامل ہیں۔ جب کہ,clean_printed_dataset
images/printed_word/printed_0956.png,سائٹ انڈسٹریل زون میں بیشتر فیکٹریوں میں بجلی کی فراہمی,clean_printed_dataset
images/printed_word/printed_0957.png,سے ایک 28 سالہ شخص کی ہاتھ پاؤں بندھی لاش,clean_printed_dataset
images/printed_word/printed_0958.png,تجارتی خسارہ میں 38.69 فیصد کمی آئی۔ وفاقی ادارہ شماریات,clean_printed_dataset
images/printed_word/printed_0959.png,کی تعداد کم ہوکر صرف 44 رہ گئی ہے اور,clean_printed_dataset
images/printed_word/printed_0960.png,پہاڑی ہی ہے جہاں سے مسلح دہشت گرد بیگناہ مہاجر,clean_printed_dataset
images/printed_word/printed_0961.png,نے کہا ہے کہ زرداری کے ہوتے ہوئے شفاف الیکشن,clean_printed_dataset
images/printed_word/printed_0962.png,فونک کانفرنس کے دوران مطالبہ کرتے ہوئے کہا ہے کہ,clean_printed_dataset
images/printed_word/printed_0963.png,دینا چاہئے۔دریں اثناء مالدیپ اور بھوٹان نے بھی پاکستان سے,clean_printed_dataset
images/printed_word/printed_0964.png,داخلہ سندھ سے اختیارات ملنے کے بعد کاروائیوں کا آغاز,clean_printed_dataset
images/printed_word/printed_0965.png,قیمت 23 ڈالر اضافے سے 1570 ڈالرہوگئی ہے جس کے,clean_printed_dataset
images/printed_word/printed_0966.png,ہے۔کیتھ واز نے کہا کہ کمیٹی نے نئے طریقہ ہائے,clean_printed_dataset
images/printed_word/printed_0967.png,جسٹس (ر) سعید الزماں صدیقی نے رابطہ کرنے پر اسمٰعیل,clean_printed_dataset
images/printed_word/printed_0968.png,کرنے والے شعبوں کی بہتر کارکردگی کی وجہ سے پاکستان,clean_printed_dataset
images/printed_word/printed_0969.png,توقعات کو بڑھاتے رہیں گے۔ نتیجتاً مالی سال 11ء میں,clean_printed_dataset
images/printed_word/printed_0970.png,سال 2011ء کے سالانہ منصوبے میں ترسیلات زر کا ہدف,clean_printed_dataset
images/printed_word/printed_0971.png,ڈاکٹر پرتاب سنگھ‘ ڈاکٹر نصر الله بلوچ‘ میر حاجی محمد,clean_printed_dataset
images/printed_word/printed_0972.png,آفیسرز روڈز پولیسنگ سیکشن کے چیف سپرنٹنڈنٹ جیرینٹ انوائل نے,clean_printed_dataset
images/printed_word/printed_0973.png,عزم کو پورا کرنے میں مدد دے گا۔,clean_printed_dataset
images/printed_word/printed_0974.png,اختیار کر گیا ہے اس مہلک بیماری کا خاتمہ بھرپور,clean_printed_dataset
images/printed_word/printed_0975.png,پر 2006ء میں پابندی عائد کر دی گئی تھی اس,clean_printed_dataset
images/printed_word/printed_0976.png,لڑکی سے بیٹے کی جلد شادی کی نوید سنائی ہے،,clean_printed_dataset
images/printed_word/printed_0977.png,مرحوم کا کردار پاکستانی صحافت کا درخشاں باب ہے۔ لندن,clean_printed_dataset
images/printed_word/printed_0978.png,روپے کا معاوضہ دینے کا اعلان کیا ہے۔ وزیراعلی نے,clean_printed_dataset
images/printed_word/printed_0979.png,وہ قانون بن جاتا ہے اور اس سے کوئی فرق,clean_printed_dataset
images/printed_word/printed_0980.png,سے سامنے آیا جو کہ ذوالفقار مرزا کی جانب سے,clean_printed_dataset
images/printed_word/printed_0981.png,مسائل حل نہ ہوئے تو سیاسی ورکروں کو میدان میں,clean_printed_dataset
images/printed_word/printed_0982.png,نے واضح کیا کہ ایم کیو ایم ایک محب وطن,clean_printed_dataset
images/printed_word/printed_0983.png,یونٹ ہوگی صنعتی شعبہ کیلئے 6کلو واٹ تک 8روپیہ 96پیسے,clean_printed_dataset
images/printed_word/printed_0984.png,سیکشن 295-C میں اسلام کے تمام پیغمبروں کی بات کی,clean_printed_dataset
images/printed_word/printed_0985.png,لیڈروں سے مطالبہ کیا کہ وہ امریکہ کو اس کی,clean_printed_dataset
images/printed_word/printed_0986.png,کشمیر میں عوام کی بیداری اور ہماری ذمہ داری“ کے,clean_printed_dataset
images/printed_word/printed_0987.png,کی عملداری قائم رہے اور عام ورکرز کی داد رسی,clean_printed_dataset
images/printed_word/printed_0988.png,جس میں برطانیہ کے معاشی بحران او ر فلاحی کاموں,clean_printed_dataset
images/printed_word/printed_0989.png,حیدر نے گزشتہ روز رحمن ملک سے ان کے لندن,clean_printed_dataset
images/printed_word/printed_0990.png,کے پروفیسر محمود الحسن اسد ، پاکستان عوامی تحریک کے,clean_printed_dataset
images/printed_word/printed_0991.png,ڈی 1991ء فیڈرل شریعت کورٹ 10) میں بتایا گیا ہے,clean_printed_dataset
images/printed_word/printed_0992.png,علامہ اقبال کو منظوم خراج عقیدت پیش کیا پروفیسر اعجاز,clean_printed_dataset
images/printed_word/printed_0993.png,ساتھ “ کے میزبان نے کراچی کی صورتحال پر تجزیہ,clean_printed_dataset
images/printed_word/printed_0994.png,یہ بات بھی کسی لطیفہ سے کم نہیں کیونکہ جہاں,clean_printed_dataset
images/printed_word/printed_0995.png,مفادمیں ہونگے، حکومت محدودوسائل میں رہتے ہوئے عوام کی فلاح,clean_printed_dataset
images/printed_word/printed_0996.png,میں ریڑھ کی ہڈی کی حیثیت رکھتا ہے جبکہ حکومت,clean_printed_dataset
images/printed_word/printed_0997.png,دی جوپارلیمنٹ میں موجودہے، اس میں میرے صاحبزادے کاکوئی تذکرہ,clean_printed_dataset
images/printed_word/printed_0998.png,تعریف نہ کی۔ چینل کی رپورٹ میں بتایا گیا ہے,clean_printed_dataset
images/printed_word/printed_0999.png,پروگرام کو سندھ کابینہ کے دو وزیروں نے فراہم کی,clean_printed_dataset
images/printed_word/printed_1000.png,مظاہرہ کرتے ہوئے شرپسند عناصر کی سازش کو ناکام بنانا,clean_printed_dataset
images/printed_word/printed_1001.png,سے بھی مل جاتی ہے تاہم بنگلہ دیش کے دریاوٴں,clean_printed_dataset
images/printed_word/printed_1002.png,سطح کے اجلاس میں پاکستان الیکٹرک پاور کمپنی (پیپکو) کی,clean_printed_dataset
images/printed_word/printed_1003.png,بچانے کے لئے عدلیہ فوری طور پر مداخلت کرے۔ حکمرانوں,clean_printed_dataset
images/printed_word/printed_1004.png,(b)”تعلیم، روزگار، فوج اور انتظامیہ سمیت زندگی کے تمام شعبوں,clean_printed_dataset
images/printed_word/printed_1005.png,دولخت کرنے والی سابق بھارتی وزیراعظم اندرا گاندھی سے دو,clean_printed_dataset
images/printed_word/printed_1006.png,بعد پی سی بی نے چار اجلاسوں کے بعد کلب,clean_printed_dataset
images/printed_word/printed_1007.png,(ر) افتخار احمد چیمہ‘ کشمالہ طارق‘ مہرین انور راجہ‘ مخدوم,clean_printed_dataset
images/printed_word/printed_1008.png,اسمبلی بلڈنگ کی وزٹ بھی کروائی گئی، بعد میں برٹش,clean_printed_dataset
images/printed_word/printed_1009.png,میئر مائیکل بلوم برگ کیخلاف مظاہرین کو منتشر کرنے کیلئے,clean_printed_dataset
images/printed_word/printed_1010.png,رات محنت کی ہے اور تمام اسٹیک ہولڈرز کو ساتھ,clean_printed_dataset
images/printed_word/printed_1011.png,پہنچانے کیلئے پی آئی اے کے اے ٹی آر طیاروں,clean_printed_dataset
images/printed_word/printed_1012.png,تبدیلی کے بعد کراچی میں سیاسی ہلچل میں اضافہ ہو,clean_printed_dataset
images/printed_word/printed_1013.png,اس کا جواب ضرور دے گی۔ ایم کیو ایم چار,clean_printed_dataset
images/printed_word/printed_1014.png,مذکورہ خبر میں ٹرانس پیرنسی پاکستان کے سربراہ کا بیان,clean_printed_dataset
images/printed_word/printed_1015.png,کراچی ( اسٹاف رپور ٹر ) اعلیٰ ثانوی بورڈ کراچی,clean_printed_dataset
images/printed_word/printed_1016.png,کہا کہ سیاست میں ہمیشہ سے ہی فیملی کوہدف بنایاجاتارہاہے،,clean_printed_dataset
images/printed_word/printed_1017.png,ہوسکتے ہیں جبکہ ٹیکس دہندگان کی رقوم کی ان کو,clean_printed_dataset
images/printed_word/printed_1018.png,جبکہ اس طرح کے متعصب انتہاپسند ان کی راہ میں,clean_printed_dataset
images/printed_word/printed_1019.png,ٹاوٴن، بفرزون، نارتھ کراچی، ملیر، لانڈھی، کورنگی، گلستان جوہر، گلشن,clean_printed_dataset
images/printed_word/printed_1020.png,کراچی (اسٹاف رپورٹر) جماعت اہلسنّت سندھ کے ناظم علامہ اکرم,clean_printed_dataset
images/printed_word/printed_1021.png,پر خود عمل بھی کرے اور اس پیغام کو دوسروں,clean_printed_dataset
images/printed_word/printed_1022.png,شہ رگ کوبچانے کیلئے بغیر کسی دباوٴ کے عوام کی,clean_printed_dataset
images/printed_word/printed_1023.png,سندھ نہیں آنا چاہتے تو ان کو عوام کیلئے آنا,clean_printed_dataset
images/printed_word/printed_1024.png,کے وزیراعظم جگمے وائی تھنلے نے بھی ملاقات کی جس,clean_printed_dataset
images/printed_word/printed_1025.png,ایم ایف ، عالمی بینک اور ایشیائی بینک سے معاہدے,clean_printed_dataset
images/printed_word/printed_1026.png,تجاویزلی جائیں گی۔ 4 اکتوبرکوکراچی میں کراچی کے زونزکے علاوہ,clean_printed_dataset
images/printed_word/printed_1027.png,تراب علی‘ محمد مدنی‘ عبد القیوم نصرت‘ دایو مل‘ سلیم,clean_printed_dataset
images/printed_word/printed_1028.png,عملی تیار کر کے اقدام کرنے چاہئیں۔ نوید احمد نے,clean_printed_dataset
images/printed_word/printed_1029.png,شب و روز کوشاں ہیں جس میں علیل اور زیر,clean_printed_dataset
images/printed_word/printed_1030.png,حسین اور ایم کیو ایم کو دنیا کے سامنے سرخروکیا،,clean_printed_dataset
images/printed_word/printed_1031.png,"ٹاؤن کی یوسی3,4,5,6 ،گلبرک ٹاؤن ک یوسی 6,7,8,9 اور بلدیہ",clean_printed_dataset
images/printed_word/printed_1032.png,خیر العمل فاؤنڈیشن نے 2010ء کے سیلاب کے بعد 35,clean_printed_dataset
images/printed_word/printed_1033.png,قسم کے چارجز نہیں لگائے گئے۔ہم کیا کریں پاکستان کے,clean_printed_dataset
images/printed_word/printed_1034.png,پاکستان سے آئی ہوئی مصنفہ محترمہ مسز سونی، حاجی عبدالواحد,clean_printed_dataset
images/printed_word/printed_1035.png,شرح میں کمی واقع ہوئی ہے۔اکنامک سروے آف پاکستان2009-10 کے,clean_printed_dataset
images/printed_word/printed_1036.png,صوبے میں کمشنری نظام جاری رکھنے کے دو مختلف آرڈیننس,clean_printed_dataset
images/printed_word/printed_1037.png,گوشوارے جمع کروانا ممکن نہیں ہیں۔ انھوں نے مطالبہ کیا,clean_printed_dataset
images/printed_word/printed_1038.png,اعظم سید یوسف رضا گیلانی نے بتایا کہ کابینہ نے,clean_printed_dataset
images/printed_word/printed_1039.png,کے علاقے ریاض آباد اور آفریدی کالونی میں منعقدکیے گئے,clean_printed_dataset
images/printed_word/printed_1040.png,فی اونس سونے کی قیمت 1496 ڈالر سے بڑھ کر,clean_printed_dataset
images/printed_word/printed_1041.png,عینک اتارکر حالات کو دیکھیں اور بے جا الزام تراشیوں,clean_printed_dataset
images/printed_word/printed_1042.png,میں زندہ بچ جانے والی 86 سالہ ٹروڈی لیوی نے,clean_printed_dataset
images/printed_word/printed_1043.png,لاہور( پ ر)پاکستان مسلم لیگ (ن) اوورسیز کے مرکزی سیکرٹری,clean_printed_dataset
images/printed_word/printed_1044.png,احتجاجی مظاہرے ہورہے ہیں تاہم گزشتہ روز وزیراعظم یوسف رضاگیلانی,clean_printed_dataset
images/printed_word/printed_1045.png,ترمیم یاتبدیلی نہیں کررہی ہے لہٰذامیں تمام مذہبی جماعتوں کے,clean_printed_dataset
images/printed_word/printed_1046.png,کیا۔ملاقات کے بعدوزیراعظم رخصت ہونے لگے توانہوں نے افضاء الطاف,clean_printed_dataset
images/printed_word/printed_1047.png,کہ ہمیں اس امر کو یقینی بنانا چاہئے کہ سرحدی,clean_printed_dataset
images/printed_word/printed_1048.png,BT-704، JT-6614، LS-8319، LS-7731، JA-294 اور ایک نامعلوم نمبر کا,clean_printed_dataset
images/printed_word/printed_1049.png,کے قرضوں میں اضافے کا عمل جاری ہے اور دسمبر2010,clean_printed_dataset
images/printed_word/printed_1050.png,پر براہ راست فائرنگ کی اور فائرنگ کے تبادلے کے,clean_printed_dataset
images/printed_word/printed_1051.png,لٹھے، پرنٹڈ وائل، لان اور شرٹنگ کے کپڑے، ایل پی,clean_printed_dataset
images/printed_word/printed_1052.png,دو طرفہ کرایوں میں فیول سر چارج پر 20 پونڈ,clean_printed_dataset
images/printed_word/printed_1053.png,سزائے موت دلوانے کیلئے طویل جدوجہد کرنے والے اسمٰعیل قریشی,clean_printed_dataset
images/printed_word/printed_1054.png,سابق وزیر داخلہ سندھ ڈاکٹر ذوالفقار مرزا نے کہا ہے,clean_printed_dataset
images/printed_word/printed_1055.png,کی لاش سول اسپتال لائی گئی۔ پولیس کے مطابق متوفی,clean_printed_dataset
images/printed_word/printed_1056.png,سے دہشت گردی، مذہبی انتہا پسندی اور تشدد کے خلاف,clean_printed_dataset
images/printed_word/printed_1057.png,برس کے بقایا جات کی مد میں بذریعہ عدالت 45,clean_printed_dataset
images/printed_word/printed_1058.png,دیں توہم پاکستان کی عزت اور وقار کے لیے مرمٹیں,clean_printed_dataset
images/printed_word/printed_1059.png,ایم ایل کے ارباب ذکاء اللہ اور ہم خیال کی,clean_printed_dataset
images/printed_word/printed_1060.png,لندن (سٹاف رپورٹر) برطانوی ہوم سیکرٹری تھریسامے نے انتہا پسند,clean_printed_dataset
images/printed_word/printed_1061.png,آئے گی۔ڈرون حملوں کے حوالے سے اپنے تجزیے میں میزبان,clean_printed_dataset
images/printed_word/printed_1062.png,ہے اور سیاسی لوگوں کو ہی اس سے نمٹنا چاہئے۔,clean_printed_dataset
images/printed_word/printed_1063.png,200 ارب روپے کے خسارے کا سامنا ہے اگر اس,clean_printed_dataset
images/printed_word/printed_1064.png,موومنٹ کی طرف دھکیلنے کی کوشش کی جارہی ہے جسے,clean_printed_dataset
images/printed_word/printed_1065.png,تازہ دستاویزات میں کیا گیا۔ این پیٹرسن نے اپنے مراسلے,clean_printed_dataset
images/printed_word/printed_1066.png,الله‘ چوہدری عبدالرزاق ڈھلوں‘ چوہدری عبداللہ یوسف‘ چوہدری علی اصغر,clean_printed_dataset
images/printed_word/printed_1067.png,اس پر بھارت سے تربیت کا الزام عائد کرنا سراسر,clean_printed_dataset
images/printed_word/printed_1068.png,کے پس منظر میں دو کروڑ لوگوں کے شہر میں,clean_printed_dataset
images/printed_word/printed_1069.png,پر ہی جاں بحق ہوگئے جبکہ جائے وقوعہ سے گزرنے,clean_printed_dataset
images/printed_word/printed_1070.png,اوباما نے سپیکر کو بتایا کہ یہ فوجی لارڈ ریزسٹنس,clean_printed_dataset
images/printed_word/printed_1071.png,وہ عدالت کو اپنا کام کرنے دیں اور جب تک,clean_printed_dataset
images/printed_word/printed_1072.png,بڑا معاملہ انہیں جنگ پر آمادہ بگٹیوں کیلئے قابل قبول,clean_printed_dataset
images/printed_word/printed_1073.png,کی خوش خبری سنائی جاتی ہے اور ان سے کہا,clean_printed_dataset
images/printed_word/printed_1074.png,رہتا۔ ان کے بیٹے اور پوتے اپنی سیاسی اور مادی,clean_printed_dataset
images/printed_word/printed_1075.png,ملزمان نے فائرنگ کرکے نیٹوٹرالر کوآگ لگادی۔ واقعے میں 2افراد,clean_printed_dataset
images/printed_word/printed_1076.png,ملحق روٹ نمبر 2-K کی بسوں کے آخری اسٹاپ پر,clean_printed_dataset
images/printed_word/printed_1077.png,ہے کہ متاثرین سیلاب اور بارش کی ہر ممکن امداد,clean_printed_dataset
images/printed_word/printed_1078.png,جوائنٹ انچارج نیک محمد ، اراکین عبدالحفیظ ، عبد الرحمن,clean_printed_dataset
images/printed_word/printed_1079.png,عملے کو دیتے ہیں تو بجلی بحال ہوجاتی ہے۔ جمعرات,clean_printed_dataset
images/printed_word/printed_1080.png,موقع پر دعویٰ کیاگیا کہ اس سے کے ای ایس,clean_printed_dataset
images/printed_word/printed_1081.png,جن میں سے 39 فیصدبلجیم، 27 فیصد ترکی اور چھ,clean_printed_dataset
images/printed_word/printed_1082.png,مظاہرین میں سے ایک شخص پولیس کی فائرنگ سے ہلاک,clean_printed_dataset
images/printed_word/printed_1083.png,فیض نے دکھی انسانیت کو مرہم فراہم کیا۔ انہیں پوری,clean_printed_dataset
images/printed_word/printed_1084.png,ایک ہزار روپے کا اضافہ کر دیا گیا ہے ۔,clean_printed_dataset
images/printed_word/printed_1085.png,خوبصورت گھر کے مکینوں کا یہ دلخراش انجام ہوا۔ اس,clean_printed_dataset
images/printed_word/printed_1086.png,سالہ علی ولد رحیم، بڑا بورڈ میں 13سالہ شہروز ولد,clean_printed_dataset
images/printed_word/printed_1087.png,کے سابق صدر آنجہانی رچرڈ نکسن کی فاؤنڈیشن نے تقریبات,clean_printed_dataset
images/printed_word/printed_1088.png,ہورہا ہے لیکن کسی کے گھر میں بجلی، پانی، گیس,clean_printed_dataset
images/printed_word/printed_1089.png,کے مطابق صحافیوں سے گفتگو کرتے ہوئے انہوں نے کہا,clean_printed_dataset
images/printed_word/printed_1090.png,سنگین بحران سے صنعتی سرگرمیاں شدید متاثر ہو رہی ہیں,clean_printed_dataset
images/printed_word/printed_1091.png,اور اس کوبرباد کرنے کیلئے چند لمحے درکار ہوتے ہیں۔,clean_printed_dataset
images/printed_word/printed_1092.png,کہ ترکستان اسلامک پارٹی کے مبینہ رہنما شیخ عبدالشکوردملہ کا,clean_printed_dataset
images/printed_word/printed_1093.png,چلائے گا۔ اس بنک کے اثاثے 70 ارب یورو (زیادہ,clean_printed_dataset
images/printed_word/printed_1094.png,تحفظ حکومت کے فرائض میں شامل ہے حکومت فی الفور,clean_printed_dataset
images/printed_word/printed_1095.png,جماعتوں کے عسکری ونگز پر پابندی‘ بھتہ خوری اور تجاوزات,clean_printed_dataset
images/printed_word/printed_1096.png,کی جانب سے دن بھر جلاؤ گھیراؤ اور فائرنگ کے,clean_printed_dataset
images/printed_word/printed_1097.png,اس حکومت کو ایوارڈ دیا جانا چاہئے،اور اگر اس بات,clean_printed_dataset
images/printed_word/printed_1098.png,کی ہیں، اگست2009میں کورنگی کراچی میں 10ایکڑ کا پلاٹ90کروڑ روپے,clean_printed_dataset
images/printed_word/printed_1099.png,میں گھس چکے ہیں وہ ہمارے دوست بن کر ہمارے,clean_printed_dataset
images/printed_word/printed_1100.png,سنگھ کو کل تک کا ایک موقع اور دیتے ہیں,clean_printed_dataset
images/printed_word/printed_1101.png,کولا کمپنی کے قریب سے ایک 40 سالہ شخص کی,clean_printed_dataset
images/printed_word/printed_1102.png,والے سوال پر انھوں نے تردید کرتے کہا کہ کسی,clean_printed_dataset
images/printed_word/printed_1103.png,کے ہمراہ مل کر زیادتی اور جارحیت کرنے والوں کے,clean_printed_dataset
images/printed_word/printed_1104.png,حکومت کو چاہیے کہ وہ ملک بھر میں دہشت گردی،,clean_printed_dataset
images/printed_word/printed_1105.png,میں دونوں ممالک کے باہمی تعلقات کومزید مستحکم بنانے پر,clean_printed_dataset
images/printed_word/printed_1106.png,رہنماوٴں نے گذشتہ دنوں کے دوران سیکورٹی فورسز کی کارروائیوں,clean_printed_dataset
images/printed_word/printed_1107.png,سے 100 میگاواٹ بجلی پیدا کرنے کے 2 منصوبوں کے,clean_printed_dataset
images/printed_word/printed_1108.png,اس فرمان میں صاف لفظوں میں بتایا ہے کہ اسلام,clean_printed_dataset
images/printed_word/printed_1109.png,اپنی جان بچانے کیلئے امریکہ، کینیڈا، برطانیہ اور مغربی ممالک,clean_printed_dataset
images/printed_word/printed_1110.png,کیا اور اس دوران وہ کراچی سے دبئی، دبئی سے,clean_printed_dataset
images/printed_word/printed_1111.png,پیش رفت کا جو جائزہ لیا ہے اس کے مطابق,clean_printed_dataset
images/printed_word/printed_1112.png,جانب بلوچ کالونی فلائی اوورکے ذریعے جانے والی گاڑیاں اب,clean_printed_dataset
images/printed_word/printed_1113.png,بھی عید ایڈوانس (ماہ اگست) کی تنخواہ مسئلہ بنے گی,clean_printed_dataset
images/printed_word/printed_1114.png,خلاف عدالت عالیہ میں کیس دائر کرنے کے لئے وکیل,clean_printed_dataset
images/printed_word/printed_1115.png,سے 10لاکھ 30ہزار روپے کی گرانٹ ملی ہے، جس پر,clean_printed_dataset
images/printed_word/printed_1116.png,دوسرے کے انتقال کی اطلاع ملتی تھی اس طرح ہم,clean_printed_dataset
images/printed_word/printed_1117.png,سلسلے کو اپنی خواہشات اور کچھ اخراجات کو کم کر,clean_printed_dataset
images/printed_word/printed_1118.png,معجزے کیلئے کام کرسکتے ہیں۔ وزیراعظم نے کہا کہ وقت,clean_printed_dataset
images/printed_word/printed_1119.png,کے حوالے سے سنجیدہ نظر نہیں آتے اور 2 روز,clean_printed_dataset
images/printed_word/printed_1120.png,رجوع کیا لیکن کسی قسم کی کوئی شنوائی نہیں ہوسکی,clean_printed_dataset
images/printed_word/printed_1121.png,کا کہنا ہے کہ انہوں نے فلم کا اسکرپٹ پڑھا,clean_printed_dataset
images/printed_word/printed_1122.png,بن ولایت ، حق پرست ارکان سندھ اسمبلی معین خان,clean_printed_dataset
images/printed_word/printed_1123.png,کی کہ اللہ تعالیٰ مرحوم کو اپنے جواررحمت میں اعلیٰ,clean_printed_dataset
images/printed_word/printed_1124.png,واحد جماعت ہے جس نے اسمبلی کے فلور پرکھڑے ہوکر,clean_printed_dataset
images/printed_word/printed_1125.png,ساتھ دوسرے جبکہ ٹم بریسنن 16 وکٹوں کے ساتھ تیسرے,clean_printed_dataset
images/printed_word/printed_1126.png,کہا کہ فخر ایشیا شہید ذوالفقار علی بھٹ پاکستان کو,clean_printed_dataset
images/printed_word/printed_1127.png,کہ دوطرفہ مذاکرات کا آئندہ دور زیادہ نتیجہ خیز ہوگا,clean_printed_dataset
images/printed_word/printed_1128.png,50 پیسے اور قیمت خرید میں 49 پیسے کی کمی,clean_printed_dataset
images/printed_word/printed_1129.png,رقم وصول کرنے والوں نے آغا اصغر کے ہمراہ ایک,clean_printed_dataset
images/printed_word/printed_1130.png,20 ہزارگائے منڈی میں پہنچ گئی ہیں۔ممتازکرکٹر شاہدآفریدی نے بھی,clean_printed_dataset
images/printed_word/printed_1131.png,کراچی ( اسٹاف رپورٹر ) متحدہ قومی موومنٹ کے قائد,clean_printed_dataset
images/printed_word/printed_1132.png,اس بات سے بخوبی واقف ہیں کہ محبت میں گھائل,clean_printed_dataset
images/printed_word/printed_1133.png,بیان ڈی جی حج آپریشن راؤ شکیل احمد کا نام,clean_printed_dataset
images/printed_word/printed_1134.png,تھی، اس معاملے کو جانتے ہونگے۔ ڈیرہ بگٹی میں نواب,clean_printed_dataset
images/printed_word/printed_1135.png,اور مسئلہ کشمیر کے پرامن حل کے لئے قراردادیں منظور,clean_printed_dataset
images/printed_word/printed_1136.png,ضلع بھر میں چوری، ڈکیتی، نقب زنی، اغوا، لوٹ مار,clean_printed_dataset
images/printed_word/printed_1137.png,طبی اعانت ہنگامی بنیادوں پر کررہا ہے۔ ان خیالات کا,clean_printed_dataset
images/printed_word/printed_1138.png,ماؤنٹین ڈویلپمنٹ اور میک آرتھر فاؤنڈیشن کا تعاون حاصل ہے۔,clean_printed_dataset
images/printed_word/printed_1139.png,نے انہیں پکڑ لیا ہے۔ کامران خان نے کہا کہ,clean_printed_dataset
images/printed_word/printed_1140.png,نہیں پڑتا کہ حکومت اس سلسلے میں کوئی ترمیم کرلے۔,clean_printed_dataset
images/printed_word/printed_1141.png,صدرمحمد نشید کے درمیان جمعرات کو یہاں 17 ویں سارک,clean_printed_dataset
images/printed_word/printed_1142.png,ویکسین کے ساتھ ساتھ نمونیا میں مبتلہ ہونے والے بچوں,clean_printed_dataset
images/printed_word/printed_1143.png,بائیو گرافی بھی پیش کی۔,clean_printed_dataset
images/printed_word/printed_1144.png,لائحہ عمل طے کیا گیا ہے۔ تمام عہدیداروں نے صوبائی,clean_printed_dataset
images/printed_word/printed_1145.png,کا بحران گجرات، مدھیہ پردیش اور مہاراشٹر میں نئی فصل,clean_printed_dataset
images/printed_word/printed_1146.png,کیا جارہا ہے۔دریں اثناء میں منڈی میں قابل ذکر مویشیوں,clean_printed_dataset
images/printed_word/printed_1147.png,خان نے خطاب کر تے ہوئے کہا کہ حکومت وزیر,clean_printed_dataset
images/printed_word/printed_1148.png,کا فیصلہ پاکستان فٹ بال فیڈریشن، آل انڈیا فٹ بال,clean_printed_dataset
images/printed_word/printed_1149.png,جے ٹی آئی کی رپورٹیں بنیں، حلفی بیانات جمع ہوئے،,clean_printed_dataset
images/printed_word/printed_1150.png,میر نواز خان مروت، جمعیت علمائے اسلام کے اسلم غوری،,clean_printed_dataset
images/printed_word/printed_1151.png,پیپلز پارٹی (پی پی پی) کے مقامی رہنما حبیب کی,clean_printed_dataset
images/printed_word/printed_1152.png,جاری ہندوستانی افواج کے ظلم اور بربریت سے چشم پوشی,clean_printed_dataset
images/printed_word/printed_1153.png,کردار ادا کرنا ہوگا ۔دریں اثناء سابق وزیر خارجہ ڈیوڈ,clean_printed_dataset
images/printed_word/printed_1154.png,نے سیکرٹری تجارت کو بھیجنے کی وزیر تجارت کی درخواست,clean_printed_dataset
images/printed_word/printed_1155.png,خاصخیلی‘ خالد شکیل شامل تھے۔,clean_printed_dataset
images/printed_word/printed_1156.png,کی منڈی لگائے ہوئے ہیں۔ ان خیالات کا اظہار انہوں,clean_printed_dataset
images/printed_word/printed_1157.png,یہ کسی بھی جماعت کے خلاف نہیں بلکہ ہر نسل،,clean_printed_dataset
images/printed_word/printed_1158.png,اسناد جمع کرانے کیلئے کہا گیا ہے۔ علاوہ ازیں قومی,clean_printed_dataset
images/printed_word/printed_1159.png,تاج محل نے اداکارہ دیپکا پدوکان کو اپنے سحر میں,clean_printed_dataset
images/printed_word/printed_1160.png,7 اور 2011 میں بھی اسی ریکارڈ کے تحت صرف,clean_printed_dataset
images/printed_word/printed_1161.png,میچوں میں مضبوط حریفوں کا سامنا ہوگا۔ سنگاپور کو ہوم,clean_printed_dataset
images/printed_word/printed_1162.png,کے پاس یہ صلاحیت ہے کہ وہ کراچی میں امن,clean_printed_dataset
images/printed_word/printed_1163.png,کی آزادی کا کھلے دل سے احترام کرتی ہے اور,clean_printed_dataset
images/printed_word/printed_1164.png,مذہبی انتہا پسندی اور تشدد کے خلاف ہے اور حقیقی,clean_printed_dataset
images/printed_word/printed_1165.png,کے تحت 90 ارب یورو کی گارنٹی کے ساتھ ڈکشیا,clean_printed_dataset
images/printed_word/printed_1166.png,میں اپنا جادو جگایا جب قوم انتہائی مایوسی اور بے,clean_printed_dataset
images/printed_word/printed_1167.png,میں 5 فروری یوم یکجہتی کشمیر کے حوالے سے برمنگھم,clean_printed_dataset
images/printed_word/printed_1168.png,مکمل طورپر بند رہیں ۔مختلف اسپتالو ں کے انتظامی افسران,clean_printed_dataset
images/printed_word/printed_1169.png,کے قریب نامعلوم مسلح ملزمان کی فائرنگ سے 50سالہ شمس,clean_printed_dataset
images/printed_word/printed_1170.png,بس اسٹینڈ سمیت شاہراہوں، سڑکوں اور تجارتی مراکز میں جدید,clean_printed_dataset
images/printed_word/printed_1171.png,امریکا میں 11نومبر کو پہلے خاص اہمیت حاصل ہے اور,clean_printed_dataset
images/printed_word/printed_1172.png,اعلیٰ حکام اور حکومت تک پہنچائیں ۔,clean_printed_dataset
images/printed_word/printed_1173.png,اور شعبہ جات کے ارکان سمیت تمام ذمہ داروں اورکارکنوں,clean_printed_dataset
images/printed_word/printed_1174.png,ریلوے کے اعلیٰ حکام نے موقع پر پہنچ کر ریلوے,clean_printed_dataset
images/printed_word/printed_1175.png,انتہاپسندی اسلام کی تعلیمات کی نفی ہے۔ الطاف حسین نے,clean_printed_dataset
images/printed_word/printed_1176.png,ہوں دیر آئے درست آئے۔ذوالفقار مرزا کا کہنا تھا کہ,clean_printed_dataset
images/printed_word/printed_1177.png,لاہور (نمائندہ جنگ) پنجاب اسمبلی میں مسلم لیگ (ق) کے,clean_printed_dataset
images/printed_word/printed_1178.png,ہے ۔یورپی طرز کے آزاد ویزے (شینگن) کی تجویز پاک,clean_printed_dataset
images/printed_word/printed_1179.png,نہیں بلکہ انتشار ہوگا،نفاق ہوگا، تشدد ہوگا اور قتل وغارتگری,clean_printed_dataset
images/printed_word/printed_1180.png,کیااوراسے پیارکیا۔ وزیراعظم نے افضاء الطاف سے خصوصی گفتگوکی، ان,clean_printed_dataset
images/printed_word/printed_1181.png,سے لگایا جاسکتا ہے کہ وزیراعلیٰ سندھ اس دوران مکمل,clean_printed_dataset
images/printed_word/printed_1182.png,کے اجلاس میں وزیر خارجہ حنا ربانی کھر نے دی،,clean_printed_dataset
images/printed_word/printed_1183.png,کے تحفظ سے نتھی کر رہے ہیں۔ ایسے میں جمہوریت,clean_printed_dataset
images/printed_word/printed_1184.png,کے حصے میں گوشت کا بڑا حصہ آیا۔ یہاں تک,clean_printed_dataset
images/printed_word/printed_1185.png,گیا کہ وہ ایک قابل احترام افسر ہیں اور ان,clean_printed_dataset
images/printed_word/printed_1186.png,میں ایک دوسرے کو مات دینے میں مصروف ہیں۔ صوبہ,clean_printed_dataset
images/printed_word/printed_1187.png,واضح رہے کہ محمود آباد سے بلوچ کالونی فلائی اوور,clean_printed_dataset
images/printed_word/printed_1188.png,کی بجائے چار بار ہونے کی بھی اطلاعات مل رہی,clean_printed_dataset
images/printed_word/printed_1189.png,بات کررہے ہیں لہٰذا اس میں کونسی غلط بات ہے۔,clean_printed_dataset
images/printed_word/printed_1190.png,کی اور اجلاس سے خطاب کرتے ہوئے انہوں نے پاکستان,clean_printed_dataset
images/printed_word/printed_1191.png,رانا ثناء اللہ نے بھی شرکت کی۔ یونیفیکیشن گروپ نے,clean_printed_dataset
images/printed_word/printed_1192.png,ہوئی تھیں۔جولائی۔ مارچ 2011ء کے دوران ماہانہ اوسط ترسیلات زر,clean_printed_dataset
images/printed_word/printed_1193.png,بگٹی سے علاقہ بدر کردیا تھا۔ مگر طلال اپنے بیٹے,clean_printed_dataset
images/printed_word/printed_1194.png,بڑے دریا انڈس، برھمپترا اور میکانگ چین سے شروع ہوتے,clean_printed_dataset
images/printed_word/printed_1195.png,رپورٹ میں بتایا گیا ہے کہ رواں مالی سال کے,clean_printed_dataset
images/printed_word/printed_1196.png,جبکہ شارع فیصل میں موٹر سائیکل سوار مسلح ملزمان نے,clean_printed_dataset
images/printed_word/printed_1197.png,کا باقاعدہ انداز میں قتل عام کیا گیا۔ پاکستان کی,clean_printed_dataset
images/printed_word/printed_1198.png,کی فوری شناخت نہیں ہوئی۔ تھانہ شارع فیصل کی حدودراشد,clean_printed_dataset
images/printed_word/printed_1199.png,منہاس روڈ، جوہر موڑ کے قریب نامعلوم افراد کی فائرنگ,clean_printed_dataset
images/printed_word/printed_1200.png,کی صوبوں کو متنازعہ منتقلی پر 3 نامور ماہرین قانون,clean_printed_dataset
images/printed_word/printed_1201.png,تھا ، سروس ٹریبونل کی اپیلیں ٹائم بار تھیں جس,clean_printed_dataset
images/printed_word/printed_1202.png,ملک کی مجموعی سیاسی صورتحال اور امن وامان کے حوالے,clean_printed_dataset
images/printed_word/printed_1203.png,قیام کو سراہتے ہوئے کہا کہ اس سے علاقائی ترقی,clean_printed_dataset
images/printed_word/printed_1204.png,والسال میں حاجی محمد اسلم، تنویر اکمل، سعید الرحمن اور,clean_printed_dataset
images/printed_word/printed_1205.png,نذر آتش کر دیئے تھے۔ تنظیم نے اس سال بھی,clean_printed_dataset
images/printed_word/printed_1206.png,کرنا ہے۔ الزلی نے پہلے 25 ہزار پونڈ کا کلیم,clean_printed_dataset
images/printed_word/printed_1207.png,حکومت شدید مشکل سے دو چار ہے اور پیداواری لاگت,clean_printed_dataset
images/printed_word/printed_1208.png,ہمارے وقتوں میں ہوا کرتا تھا۔ انہوں نے کہا کہ,clean_printed_dataset
images/printed_word/printed_1209.png,وسجود کرنے والے نمازیوں کوبموں سے اڑاتے وقت کوئی رحم,clean_printed_dataset
images/printed_word/printed_1210.png,موبائل صنعت کے ڈوبنے والے قرضے سب سے زیادہ ہیں۔,clean_printed_dataset
images/printed_word/printed_1211.png,بھارت مسئلہ کشمیر پر کسی تیسرے فریق کا مخالف اور,clean_printed_dataset
images/printed_word/printed_1212.png,یہ چیک کیش نہ ہوئے تو ایشو کرنے والوں کے,clean_printed_dataset
images/printed_word/printed_1213.png,جائزہ لیا اس موقع پر انہوں نے ایم کیوایم میڈیکل,clean_printed_dataset
images/printed_word/printed_1214.png,دیگر ایشوز جب تک حل نہیں ہوں گے ہم خود,clean_printed_dataset
images/printed_word/printed_1215.png,احترام صحافی سے اظہار ہمدردی اور یکجہتی کا اظہار ہے,clean_printed_dataset
images/printed_word/printed_1216.png,اسے سزا سنائے جانے کا امکان ہے۔,clean_printed_dataset
images/printed_word/printed_1217.png,ہیومن رائٹس کمیشن آئی اے رحمان نے کہاکہ فیض احمد,clean_printed_dataset
images/printed_word/printed_1218.png,مراعات کا صرف ایک چھوٹا حصہ دیا جا رہا ہے۔,clean_printed_dataset
images/printed_word/printed_1219.png,تنظیم مسلم اگینسٹ کروسیڈز پر پابندی عائد کر دی ہے,clean_printed_dataset
images/printed_word/printed_1220.png,کی شاعری تمام تنازعات سے بالاتر ہے۔ فیض کا اصل,clean_printed_dataset
images/printed_word/printed_1221.png,میں کہا گیا کہ ڈی جی حج آپریشن مقرر ہونے,clean_printed_dataset
images/printed_word/printed_1222.png,سازی کی نمو آئندہ مہینوں میں مثبت ہوجانے کی توقع,clean_printed_dataset
images/printed_word/printed_1223.png,پنجگور،تربت،ڈیرہ مرادجمالی(نمائندگان جنگ) پنجگور اور تربت میں ٹارگٹ کلنگ کے,clean_printed_dataset
images/printed_word/printed_1224.png,حکومت کا کہنا ہے کہ کئی ادارے کرپشن کے خلاف,clean_printed_dataset
images/printed_word/printed_1225.png,کراچی(رپورٹ…رفیق بشیر)سپرہائے وے پر مویشی منڈی میں قربانی کے جانوروں,clean_printed_dataset
images/printed_word/printed_1226.png,سے باتیں کرتے ہوئے کہا کہ وہ کولکتہ کی کرکٹ,clean_printed_dataset
images/printed_word/printed_1227.png,اے قوانین کے مطابق عمل کرنا ضروری ہے۔ انہوں نے,clean_printed_dataset
images/printed_word/printed_1228.png,لیکن یہی نواز شریف حالات بدلتے ہی صدر زرداری کے,clean_printed_dataset
images/printed_word/printed_1229.png,انتقال کرگئے۔ وزیر داخلہ نے کہا کہ انہوں نے قائمہ,clean_printed_dataset
images/printed_word/printed_1230.png,میں مذکورہ استثنیٰ کو دیگر پورٹس تک توسیع دیئے جانے,clean_printed_dataset
images/printed_word/printed_1231.png,ہے کہ یہ احکامات یکم جنوری2011ء کو بعد نماز مغرب,clean_printed_dataset
images/printed_word/printed_1232.png,کراچی (اسٹاف رپورٹر) گورنر سندھ ڈاکٹر عشرت العباد خان نے,clean_printed_dataset
images/printed_word/printed_1233.png,جانب سے علامہ اقبال کی برسی کے موقع پر منعقدہ,clean_printed_dataset
images/printed_word/printed_1234.png,ابھی ابتدائی مراحل میں ہیں اور اس موقع پر پاکستان,clean_printed_dataset
images/printed_word/printed_1235.png,موقف اختیارکیا ہے کہ سپریم کورٹ ریٹائرڈملازمین کی ملازمت میں,clean_printed_dataset
images/printed_word/printed_1236.png,نے بھی خطاب کرتے ہوئے کامیاب ترین ریس پر سدرن,clean_printed_dataset
images/printed_word/printed_1237.png,احمد نقدی، مختار علی ہزارہ اور دیدار حسین شاہ نے,clean_printed_dataset
images/printed_word/printed_1238.png,غلام حیدر سمیجو‘ ڈاکٹر محمد ایوب شیخ‘ مہرین رزاق بھٹو‘,clean_printed_dataset
images/printed_word/printed_1239.png,کرتے ہوئے ان انٹریوں کی اصل حقیقت بیان کرتے ہوئے,clean_printed_dataset
images/printed_word/printed_1240.png,عائد کرتے ہوئے کہا ہے کہ تنظیم پہلے بھی دوسرے,clean_printed_dataset
images/printed_word/printed_1241.png,عبدالوحید، جوبلی سنیما کے قریب 30 سالہ عمران ولد انورعلی،,clean_printed_dataset
images/printed_word/printed_1242.png,جب آپ روپوشی میں تھے، آپ پر قتل کا مقدمہ,clean_printed_dataset
images/printed_word/printed_1243.png,کابینہ کے ایک اور وزیر نے بھی ذوالفقار مرزا سے,clean_printed_dataset
images/printed_word/printed_1244.png,نتیجے میں عبدالصمد اور برات خان زخمی ہوگئے اس دوران,clean_printed_dataset
images/printed_word/printed_1245.png,اور ساحلی پولیس سے رابطے موثر بنائے جا سکیں۔ انڈین,clean_printed_dataset
images/printed_word/printed_1246.png,کراچی(اسٹاف رپورٹر)جامعہ کراچی کے ڈاکٹر قدیر انسٹیٹیوٹ کے ڈائریکٹر ڈاکٹر,clean_printed_dataset
images/printed_word/printed_1247.png,لندن(آن لائن) وزیرداخلہ رحمن ملک نے کہا ہے کہ شرپسند,clean_printed_dataset
images/printed_word/printed_1248.png,معاملہ بارے تفصیلات جاننے کے خواہش مند ہوں گے جب,clean_printed_dataset
images/printed_word/printed_1249.png,"کی گئیں جو کہ 2009/10ء میں 1,128 سے زیادہ ہیں۔",clean_printed_dataset
images/printed_word/printed_1250.png,قیمت خرید 121.77 روپے سے کم ہو کر 121.28 روپے,clean_printed_dataset
images/printed_word/printed_1251.png,پر حکومت پاکستان کی خفیہ رضامندی اور عوامی سطح پر,clean_printed_dataset
images/printed_word/printed_1252.png,عبداللہ ہارون روڈ، ناظم آباد، ایف بی ایریا، حیدری، شادمان,clean_printed_dataset
images/printed_word/printed_1253.png,نعمان بشیر نے منگل کے روز ایوان صدر میں علیحدہ,clean_printed_dataset
images/printed_word/printed_1254.png,کرتے ہیں۔ پیپلز پارٹی عوامی جماعت ہے اور عوام کے,clean_printed_dataset
images/printed_word/printed_1255.png,ڈکشیا بلجیم ”ڈکشیا بنک بلجیم“ کا سو فیصد کنٹرول چار,clean_printed_dataset
images/printed_word/printed_1256.png,وکی لیکس کی خبر پر اپنا ردعمل ظاہر کرتے ہوئے,clean_printed_dataset
images/printed_word/printed_1257.png,جہاد جائز ہے۔ اس وقت لشکری رئیسانی کو ریاست خطرے,clean_printed_dataset
images/printed_word/printed_1258.png,انتہاپسندی پر یقین رکھنے والوں کیلئے کوئی گنجائش نہیں، ہم,clean_printed_dataset
images/printed_word/printed_1259.png,سول ایوارڈ پیش کرنے والے تھے۔ انہوں نے فرانسیسی سفیر,clean_printed_dataset
images/printed_word/printed_1260.png,توہینِ رسالتﷺ کے زمرے میں نہیں آتا؟ ایسا گھناوٴنا جرم,clean_printed_dataset
images/printed_word/printed_1261.png,بیٹھ گئے جس کے نتیجے میں کراچی سے بدین براستہ,clean_printed_dataset
images/printed_word/printed_1262.png,شوہر نے فائرنگ کرکے اہلیہ صفیہ کو زخمی کردیا اور,clean_printed_dataset
images/printed_word/printed_1263.png,کو ڈھانپنے سے بڑا ظلم کوئی نہیں ۔ ایک سوال,clean_printed_dataset
images/printed_word/printed_1264.png,اور اس کے قائد کو ملک دشمن اور غدار قرار,clean_printed_dataset
images/printed_word/printed_1265.png,احتجاجی مظاہرہ کیا گیا جس میں ہزاروں قبائلیوں نے شرکت,clean_printed_dataset
images/printed_word/printed_1266.png,سب سے کم شرح پاکستان میں ہے۔ملک میں صحت کے,clean_printed_dataset
images/printed_word/printed_1267.png,انفرااسٹرکچر فنڈ کے 35 فیصد کے حصہ دار ہیں۔ دوسرا,clean_printed_dataset
images/printed_word/printed_1268.png,خون کوشامل کرنے کا مطالبہ کردیا۔ بھارتی کرکٹ ٹیم کے,clean_printed_dataset
images/printed_word/printed_1269.png,فی من12500 کے بھاؤ پر مستحکم رکھا۔ روئی کا بھاؤ,clean_printed_dataset
images/printed_word/printed_1270.png,کہ وہ بہت جلد امریکی معیشت کو ازسرنو بحال کرلیں,clean_printed_dataset
images/printed_word/printed_1271.png,11-3 اور 11-8 سے اور کرسٹین فروسٹ نے عامر اطلس,clean_printed_dataset
images/printed_word/printed_1272.png,پاکستان سندھ کے امیدوار الیکشن میں حصہ لیں گے۔,clean_printed_dataset
images/printed_word/printed_1273.png,ڈربی میں ہونے والے میچ کو برمنگھم میں ہلاک ہونے,clean_printed_dataset
images/printed_word/printed_1274.png,کہ خطے کے عوام کے فائدے کیلئے سارک تنظیم کی,clean_printed_dataset
images/printed_word/printed_1275.png,آرٹ گیلری کی کیوریٹر اسماء احمد نے کہا کہ فائن,clean_printed_dataset
images/printed_word/printed_1276.png,کی خستہ صورتحال بھی بے چینی کا سبب رہی مگر,clean_printed_dataset
images/printed_word/printed_1277.png,بھرتی نہیں کرایا گیا اور نہ ہی انہیں اسلحہ کے,clean_printed_dataset
images/printed_word/printed_1278.png,خواتین سمیت 14 افراد زخمی ہوئے۔ زخمیوں کو قریبی اسپتال,clean_printed_dataset
images/printed_word/printed_1279.png,نے کہا ہے کہ ڈرون حملوں کودیکھ کر خیال آتا,clean_printed_dataset
images/printed_word/printed_1280.png,ہوگئے۔ کامران خان نے کہا کہ ان سیاستدانوں کی باتوں,clean_printed_dataset
images/printed_word/printed_1281.png,بارے میں پہلی بار سن رہے ہیں۔ کامران خان نے,clean_printed_dataset
images/printed_word/printed_1282.png,اسلام آباد (نیوز ایجنسیاں) وزیر اعلی پنجاب شہباز شریف کی,clean_printed_dataset
images/printed_word/printed_1283.png,پہنچ رہا ہے۔اس موقع پر فشر فوک فورم کے چیئر,clean_printed_dataset
images/printed_word/printed_1284.png,بلوچ سرداروں کیلئے رول ماڈل تھے، یہاں تک کہ نواب,clean_printed_dataset
images/printed_word/printed_1285.png,کہا ہے کہ کے ای ایس سی کے ملازمین کے,clean_printed_dataset
images/printed_word/printed_1286.png,نہیں ہیں اور ہم سمجھتے ہیں کہ عمران خان ہمارا,clean_printed_dataset
images/printed_word/printed_1287.png,انتہاپسند عناصر ملک خصوصاً سندھ میں مذہبی رواداری اورفرقہ وارانہ,clean_printed_dataset
images/printed_word/printed_1288.png,انہوں نے یہ بات منگل کو اوآئی سی کی جانب,clean_printed_dataset
images/printed_word/printed_1289.png,ورثے کی ٹھوس بنیادوں پرخطے کی تاریخی تبدیلی میں قائدانہ,clean_printed_dataset
images/printed_word/printed_1290.png,(ترقیات) محمد اسحق لاشاری، سندھ ریونیو بورڈ کے چیئرمین نظر,clean_printed_dataset
images/printed_word/printed_1291.png,چانڈیو کی قیادت میں نکالی جانیوالی ریلی اور سابق صوبائی,clean_printed_dataset
images/printed_word/printed_1292.png,ان کے الزامات کی تائید کرتا نظر آرہا ہے۔ معاملہ,clean_printed_dataset
images/printed_word/printed_1293.png,صلاح الدین گنڈہ پور، حنیف کاشمیری، خالد ممتاز، نعیم قریشی,clean_printed_dataset
images/printed_word/printed_1294.png,گیا لیکن اکتوبر 2009 سے جنوری 2010کے دوران صرف 15500,clean_printed_dataset
images/printed_word/printed_1295.png,کمیٹی کا ایک اجلاس 13 مئی 2009ء کو ہوا پارلیمانی,clean_printed_dataset
images/printed_word/printed_1296.png,نے تجزیاتی رپورٹ میں کہا کہ خارجہ تعلقات کمیٹی کسی,clean_printed_dataset
images/printed_word/printed_1297.png,بتایا گیا ہے کہ ولی خان بابر کو قتل کرنے,clean_printed_dataset
images/printed_word/printed_1298.png,واضح الفاظ میں اس الزام کی تردید کی گئی اور,clean_printed_dataset
images/printed_word/printed_1299.png,لزبن(آن لائن)یورپی ملک پرتگال میں فوجیوں سمیت سرکاری ملازمین نے,clean_printed_dataset
images/printed_word/printed_1300.png,خلاف قومی مہم چلانے پر زور دیا ہے اس نے,clean_printed_dataset
images/printed_word/printed_1301.png,صورتحال خراب کرنے اور سیاسی جماعتوں کو آپس میں لڑانے,clean_printed_dataset
images/printed_word/printed_1302.png,گرفت برقرار رکھی۔ انہوں نے یقینی بنایا کہ انہیں 1950ء,clean_printed_dataset
images/printed_word/printed_1303.png,جس میں کشمیری عوام کو آزادی دینے کے آپشن کو,clean_printed_dataset
images/printed_word/printed_1304.png,عوامی رائے کا مظہر نہیں ہے۔ سب سے بڑھ کر,clean_printed_dataset
images/printed_word/printed_1305.png,جائیگی اور نہ ہی اسے تبدیل کیاجارہا، اب یہ تنازع,clean_printed_dataset
images/printed_word/printed_1306.png,اقدامات کریں۔ قیام امن اور شہریوں کی جان ومال کا,clean_printed_dataset
images/printed_word/printed_1307.png,کھلاڑیوں کی کارکردگی کا جائزہ لیاجائے اوردیکھاجائے کہ کون سا,clean_printed_dataset
images/printed_word/printed_1308.png,چاہتی ہیں۔ شاہ رخ جو بالی وڈ کی لیجنڈ اداکارہ,clean_printed_dataset
images/printed_word/printed_1309.png,سے ہوتا ہے۔ قومی اسمبلی کے ریکارڈ کے مطابق قائمہ,clean_printed_dataset
images/printed_word/printed_1310.png,نے کہا کہ پولیس نے مظاہرین کو منتشر کرنے کیلئے,clean_printed_dataset
images/printed_word/printed_1311.png,کہ دو سال پہلے ارکان پارلیمنٹ کے والدین کو علاج,clean_printed_dataset
images/printed_word/printed_1312.png,دے دی۔ بتایا گیا ہے کہ استثنیٰ کی اجازت فرانسیسی,clean_printed_dataset
images/printed_word/printed_1313.png,پاکستان دہشت گردی کیخلاف اپنی کوششیں جاری رکھے گا اور,clean_printed_dataset
images/printed_word/printed_1314.png,کے شعبے کے لوگ بھی داخل ہوگئے ہیں جنہوں نے,clean_printed_dataset
images/printed_word/printed_1315.png,گیلووے پولیس کے تین آفیسرز کو چارج کیا گیا، تینوں,clean_printed_dataset
images/printed_word/printed_1316.png,میں لاہور میں امریکی قونصل خانے کے پرنسپل افسر برائن,clean_printed_dataset
images/printed_word/printed_1317.png,اتباع سنت کا ہے۔ ہر مسلمان کو چاہئے کہ اس,clean_printed_dataset
images/printed_word/printed_1318.png,صرف انجنوں کی خریداری کا ہے، جبکہ انجنوں کی مرمت,clean_printed_dataset
images/printed_word/printed_1319.png,تھا۔ یہ واحد دن تھا جس روز متعدد شہروں کے,clean_printed_dataset
images/printed_word/printed_1320.png,تھا جبکہ مس لیوی اور ان کے باپ کو جرمنی,clean_printed_dataset
images/printed_word/printed_1321.png,ڈالر، 232.19ملین ڈالر، 192.79 ملین ڈالر، 128.10 ملین ڈالر، 108.62,clean_printed_dataset
images/printed_word/printed_1322.png,حمایت کی یقین دہانی کرادی ہے۔ دوسری جانب کراچی ،,clean_printed_dataset
images/printed_word/printed_1323.png,ڈربی میں ہونے والے میچ کی تمام آمدنی ان شہداء,clean_printed_dataset
images/printed_word/printed_1324.png,میں بہت مختلف Game ہورہا ہے جس پر تنہا حکومت,clean_printed_dataset
images/printed_word/printed_1325.png,یاسمین رحمن‘ رانا نذیر احمد خان‘ غلام مجتبیٰ کھرل اور,clean_printed_dataset
images/printed_word/printed_1326.png,جودوروز قبل وہاڑی سے مزدوری کیلئے آئے تھے جبکہ عبدالرزاق,clean_printed_dataset
images/printed_word/printed_1327.png,بیروزگاری کے خاتمے کے لیے فی الفور مثبت اور عملی,clean_printed_dataset
images/printed_word/printed_1328.png,تھے۔ اس موقع پر میزبان نے اپنے تبصرے میں کہا,clean_printed_dataset
images/printed_word/printed_1329.png,وجہ ہے کہ عوام کہتے ہیں کہ جب تک قانون,clean_printed_dataset
images/printed_word/printed_1330.png,ایم کیو ایم نے جواب دینے میں اتنی دیر کیوں,clean_printed_dataset
images/printed_word/printed_1331.png,کا دن ہے، 20 جون کو پاکستان ٹیم سنگاپور سے,clean_printed_dataset
images/printed_word/printed_1332.png,انہوں نے جماعت اہلسنّت سندھ کے تحت ہفتہ تحفظ ختم,clean_printed_dataset
images/printed_word/printed_1333.png,کہا کہ وہ محب وطن ہیں اور ان کی جان,clean_printed_dataset
images/printed_word/printed_1334.png,بتایا گیا ہے کہ ولی خان بابر کو قتل کرنے,clean_printed_dataset
images/printed_word/printed_1335.png,بسنے والی جماعت ہے، متحدہ قومی موومنٹ کو مہاجر قومی,clean_printed_dataset
images/printed_word/printed_1336.png,مردوں میں سنسناٹی اوپن کے فاتح برطانوی اینڈی مرے چوتھے,clean_printed_dataset
images/printed_word/printed_1337.png,بی بی کے ساتھ قانون کے مطابق سلوک ہوگا۔ انہوں,clean_printed_dataset
images/printed_word/printed_1338.png,تعلق صوبہ خیبرپختونخوا کے ضلع ہنگو سے تھا۔ پولیس نے,clean_printed_dataset
images/printed_word/printed_1339.png,کا شکار ہے، ایف بی آر کے ٹیکس کے نظام,clean_printed_dataset
images/printed_word/printed_1340.png,کالج میں افراتفری پھیل گئی۔ کالج پرنسپل پروفیسر زاہدہ کے,clean_printed_dataset
images/printed_word/printed_1341.png,کے دو صاحبزادے اور ایک صاحبزادی لیلیٰ واسطی ہیں، رضوان,clean_printed_dataset
images/printed_word/printed_1342.png,اور سسرال والوں کا کہنا ہے کہ ناہید نے خودکشی,clean_printed_dataset
images/printed_word/printed_1343.png,نے کارروائی کر کے بھارتی جاسوس کو گرفتار کر لیاجس,clean_printed_dataset
images/printed_word/printed_1344.png,اپنی کھولی میں بلا سکیں نہ میں آپ کو اپنی,clean_printed_dataset
images/printed_word/printed_1345.png,کے درمیان چھاؤنی میں موجود نیوی کے جوان بھی دھماکے,clean_printed_dataset
images/printed_word/printed_1346.png,انکم ٹیکس نظام لاگو کرنے کے بعد انکم ٹیکس افسران,clean_printed_dataset
images/printed_word/printed_1347.png,کئے گئے متاثرین سیلاب کی مکمل بحالی اور تعمیر نو,clean_printed_dataset
images/printed_word/printed_1348.png,فاروق سعید‘ رخسانہ بنگش‘ سردار ایاز صادق‘ سردار منصب علی,clean_printed_dataset
images/printed_word/printed_1349.png,کے متاثرین نے کراچی بدین ہائی وے پر دھرنا دیکر,clean_printed_dataset
images/printed_word/printed_1350.png,مرزا کے الزامات سے پیپلزپارٹی اور سندھیوں کو نقصان ہوگا،امریکا,clean_printed_dataset
images/printed_word/printed_1351.png,ڈرون حملوں میں ہلاک ہونے والوں کی کثیر تعداد جنگجوؤں,clean_printed_dataset
images/printed_word/printed_1352.png,ہوا اور سال بھر میں اس کے صرف چھ اجلاس,clean_printed_dataset
images/printed_word/printed_1353.png,پی پی پی میں فارورڈ بلاک کا بھی کوئی تصور,clean_printed_dataset
images/printed_word/printed_1354.png,وہ آج بھی بلین آف ڈالرز اپنے دفاع پر خرچ,clean_printed_dataset
images/printed_word/printed_1355.png,اسے اصولی طور پر معافی مانگنی چاہئے۔ انہوں نے کمیونٹی,clean_printed_dataset
images/printed_word/printed_1356.png,یقین دہانی کے بعدکہ ناموس رسالت ﷺ کے قانون میں,clean_printed_dataset
images/printed_word/printed_1357.png,آئٹمزپر صفر کسٹم ڈیوٹی ہوگی انہوں نے سربراہان حکومت کو,clean_printed_dataset
images/printed_word/printed_1358.png,اسلام آباد/کراچی (اسٹاف رپورٹر/اے پی پی) صدر مملکت آصف زرداری,clean_printed_dataset
images/printed_word/printed_1359.png,مل سکتی ہے۔ وزیراعظم نے کہا کہ بین المذاہب اور,clean_printed_dataset
images/printed_word/printed_1360.png,کی نوعیت پر بھی تبادلہ خیال کیا جا رہا تھا۔,clean_printed_dataset
images/printed_word/printed_1361.png,سامان کے ہمراہ موجود رہا۔ ٹاوٴن ایڈمنسٹریٹر مختار حسین نے,clean_printed_dataset
images/printed_word/printed_1362.png,نہیں تھے ان کی حکومت افتخار چوہدری کی بحالی کی,clean_printed_dataset
images/printed_word/printed_1363.png,ان پوائنٹس کے بعد یہ کہا گیا ہے کہ ان,clean_printed_dataset
images/printed_word/printed_1364.png,بعد دہشت گردی کے خلاف جنگ میں انٹرنیشنل کمیونٹی سے,clean_printed_dataset
images/printed_word/printed_1365.png,ضابطے کی کارروائی کے بعد ورثاء کے حوالے کردیا۔شارع فیصل,clean_printed_dataset
images/printed_word/printed_1366.png,کی تعمیر و ترقی اور حاجیوں کو سہولتیں دینے میں,clean_printed_dataset
images/printed_word/printed_1367.png,ہے کہ انہوں نے بھی ایم کیو ایم کی کردار,clean_printed_dataset
images/printed_word/printed_1368.png,انتہائی قریبی ساتھیوں میں شمارکئے جاتے ہیں۔ سپریم کورٹ میں,clean_printed_dataset
images/printed_word/printed_1369.png,ایس ڈالر میں ادائیگی کی گئی جس کے بعد یہ,clean_printed_dataset
images/printed_word/printed_1370.png,زرداری خصوصی پرواز کے ذریعے کراچی روانہ ہوگئے۔,clean_printed_dataset
images/printed_word/printed_1371.png,کو مظبوط بنانے کی ضرورت ہے۔ جمیل احمد تبسم نے,clean_printed_dataset
images/printed_word/printed_1372.png,کوئی نیا مواد یا شواہد سامنے آئے تو اس کا,clean_printed_dataset
images/printed_word/printed_1373.png,گرفتار کرنے کے بعد ابتدائی تحقیقات کرکے اسے پولیس کے,clean_printed_dataset
images/printed_word/printed_1374.png,کرسکتے کیونکہ تمام جج ایک ہی کشتی کے سوار ہیں۔,clean_printed_dataset
images/printed_word/printed_1375.png,یا مردہ ظاہر کردیتے ہیں تاکہ امریکا میں شادی کرکے,clean_printed_dataset
images/printed_word/printed_1376.png,شخص کنڈا لگاتے ہوئے کرنٹ لگنے سے جاں بحق ہوگیا۔,clean_printed_dataset
images/printed_word/printed_1377.png,مگر اس کے ساتھ آپ کو اپنی ناکامی تسلیم کرنا,clean_printed_dataset
images/printed_word/printed_1378.png,ہوئے زمین کو بحال کرنے کے احکامات جاری کئے اور,clean_printed_dataset
images/printed_word/printed_1379.png,لئے متاثرہ پارٹی سے ایک درخواست لی گئی جس میں,clean_printed_dataset
images/printed_word/printed_1380.png,کراچی (اسٹاف رپورٹر) کراچی ٹرانسپورٹ اتحاد نے ٹرانسپورٹ کرایوں میں,clean_printed_dataset
images/printed_word/printed_1381.png,کی آمد کے لیے تیسرا راستہ کھولنے کے لیے بھی,clean_printed_dataset
images/printed_word/printed_1382.png,میں اقوام میراخیل اور اسکے ساتھ ملحقہ علاقے کے عوام,clean_printed_dataset
images/printed_word/printed_1383.png,سے تبادلہ خیال کیا گیا۔وزیر داخلہ نے مزید کہاکہ حکومت،,clean_printed_dataset
images/printed_word/printed_1384.png,بھی موجود تھے۔ پہلی پوزیشن حاصل کرنے والی طالبہ ثوبیہ,clean_printed_dataset
images/printed_word/printed_1385.png,ایاز نے خطاب کرتے ہوئے کہا کہ آزاد کشمیر میں,clean_printed_dataset
images/printed_word/printed_1386.png,اور سیلاب سے سندھ کے لاکھوں لوگ متاثر ہوئے ہیں۔,clean_printed_dataset
images/printed_word/printed_1387.png,سید ناظم حسین شاہ‘ یاسمین خان‘ زیب جعفر‘ مرزا حمید‘,clean_printed_dataset
images/printed_word/printed_1388.png,میں شامل کئے ان کے بارے میں یا تو کوئی,clean_printed_dataset
images/printed_word/printed_1389.png,اسمٰعیل خان اور کراچی میں امن وامان کی صورتحال خراب,clean_printed_dataset
images/printed_word/printed_1390.png,افواج پاکستان کو بچانے کیلئے دہشت گردی کے خلاف جنگ,clean_printed_dataset
images/printed_word/printed_1391.png,کرنے کا قصور وار ٹھہرایا تھا جس سے چین کو,clean_printed_dataset
images/printed_word/printed_1392.png,نے دہشت گردی کے خلاف جنگ میں جتنی قربانیاں دی,clean_printed_dataset
images/printed_word/printed_1393.png,لیڈر مخدوم امین فہیم سے کئی سوالات کرنے تھے کیونکہ,clean_printed_dataset
images/printed_word/printed_1394.png,بیٹھ کر کرنا تو بہت آسان ہے لیکن کوفہ میں,clean_printed_dataset
images/printed_word/printed_1395.png,وزیر اطلاعات فردوس عاشق سے بات کی ہے اور ان,clean_printed_dataset
images/printed_word/printed_1396.png,دن قبل اس سال 17 ستمبر کو نیویارک میں شروع,clean_printed_dataset
images/printed_word/printed_1397.png,تعلق نہیں، ابھی تک قومی ٹیم کے نئے کوچ کا,clean_printed_dataset
images/printed_word/printed_1398.png,ندیم گل، سینئر نائب صدر لندن میاں مسرور، صدر ایسٹ,clean_printed_dataset
images/printed_word/printed_1399.png,لوڈشیڈنگ بھی جاری ہے۔ شہر کے متعدد علاقوں سے لوگوں,clean_printed_dataset
images/printed_word/printed_1400.png,ہے جس کا مطلب یہ ہے کہ دونوں ممالک تجارت,clean_printed_dataset
images/printed_word/printed_1401.png,بھٹو وغیرہ کے وکیل مسعود احمد نورانی نے موقف اختیار,clean_printed_dataset
images/printed_word/printed_1402.png,ڈگریوں کے حوالے سے وزارت داخلہ کے ذرائع نے بتایا,clean_printed_dataset
images/printed_word/printed_1403.png,سکا۔,clean_printed_dataset
images/printed_word/printed_1404.png,بلوچ کالونی پل کے دو ریمپ بند کرکے پل کے,clean_printed_dataset
images/printed_word/printed_1405.png,جس سے ایک نوجوان منشور علی جاں بحق اور 2,clean_printed_dataset
images/printed_word/printed_1406.png,یہ خط جعلی، جھوٹا اور من گھڑت ہے اور ایم,clean_printed_dataset
images/printed_word/printed_1407.png,اور دیگر بین الاقوامی اداروں کے دباؤ پر سب سے,clean_printed_dataset
images/printed_word/printed_1408.png,کہ اس کمپلینٹ سینٹر سے متعلق عو ام کو زیادہ,clean_printed_dataset
images/printed_word/printed_1409.png,موازنہ کر کے انہیں ملک میں داخل ہونے کی اجازت,clean_printed_dataset
images/printed_word/printed_1410.png,کے موکل نے 14 ہزار 500 پونڈ فراڈ کے ذریعہ,clean_printed_dataset
images/printed_word/printed_1411.png,ہیں۔,clean_printed_dataset
images/printed_word/printed_1412.png,ریحان، علی باقر عزیز، صہیب، رافع، شمیم، مونس، معاذ، حسن،فراز،,clean_printed_dataset
images/printed_word/printed_1413.png,کہ مستقبل مسلم لیگ کا ہے۔ سندھ میں عوامی رابطہ,clean_printed_dataset
images/printed_word/printed_1414.png,پارٹی چھوڑ چکے ہیں تاہم نواب بگٹی کی وراثت کا,clean_printed_dataset
images/printed_word/printed_1415.png,کہ کرپٹ سیاستدانوں کی وجہ سے آئی ایس آئی کا,clean_printed_dataset
images/printed_word/printed_1416.png,طلب کیا ہے، پاکستان پیپلزپارٹی پہلے ہی اس بیان سے,clean_printed_dataset
images/printed_word/printed_1417.png,کے ذریعے ایک دوسرے کے ساتھ پیار کی پینگیں بڑھائیں,clean_printed_dataset
images/printed_word/printed_1418.png,کہ پل کے اوپر ٹریفک کا دباوٴ زیادہ ہونے کی,clean_printed_dataset
images/printed_word/printed_1419.png,فراہم کرنے کیلئے کاروباری اشیاء اور بلا سود مالی قرضے,clean_printed_dataset
images/printed_word/printed_1420.png,لئے تیار نہیں ہے۔یہ صرف میں آپ سے اس لئے,clean_printed_dataset
images/printed_word/printed_1421.png,بجائے مشترکہ حکمتِ عملی اپنانے کی ضرورت ہے۔ اُنہوں نے,clean_printed_dataset
images/printed_word/printed_1422.png,مخدوم سید علی رضا شاہ‘ ملک علی عباس کھوکھر‘ ملک,clean_printed_dataset
images/printed_word/printed_1423.png,کیا۔ واک کراچی پریس کلب سے شروع ہوکر وزیر اعلیٰ,clean_printed_dataset
images/printed_word/printed_1424.png,ایچ ایف سے اجازت لے کرجرمنی گئے ہیں۔ قومی ٹیم,clean_printed_dataset
images/printed_word/printed_1425.png,وجہ سے اکثر ٹریفک جام کی کیفیت رہتی ہے، قریب,clean_printed_dataset
images/printed_word/printed_1426.png,اظہار کیاہے۔ انھوں نے کہا کہ یہ بات بھی خوش,clean_printed_dataset
images/printed_word/printed_1427.png,احتجاج کے حق کا دفاع کریں گے لیکن انہوں نے,clean_printed_dataset
images/printed_word/printed_1428.png,چکا ہے۔ یہ بات ایک پولیس چیف نے ممبران پارلیمنٹ,clean_printed_dataset
images/printed_word/printed_1429.png,مہم کے ذریعے ہی ممکن ہے تاکہ آنے والی نسلوں,clean_printed_dataset
images/printed_word/printed_1430.png,زرداری نے وزیراعلیٰ سندھ سے 24گھنٹے میں رپورٹ طلب کرلی,clean_printed_dataset
images/printed_word/printed_1431.png,لیے کھول دیا گیا تھا اس کے نیچے ایٹ گریڈ,clean_printed_dataset
images/printed_word/printed_1432.png,جمہوریت کی حامی ہے“۔ اگر خط کے باقی مندرجات کو,clean_printed_dataset
images/printed_word/printed_1433.png,ہونے چاہئیں تاکہ وہ مستقبل میں انصاف کی بروقت فراہمی,clean_printed_dataset
images/printed_word/printed_1434.png,گیا۔,clean_printed_dataset
images/printed_word/printed_1435.png,سراہا۔ سعید شفیق نے کہا کہ KESCاور اس کے ملازمین,clean_printed_dataset
images/printed_word/printed_1436.png,اور بہتان تراشیوں سے گریزکریں اور ملک میں حقیقی جمہوریت,clean_printed_dataset
images/printed_word/printed_1437.png,کا فوری حل ممکن ہوسکے گا۔ بیگم نرگس این ڈی,clean_printed_dataset
images/printed_word/printed_1438.png,میں بڑھتی ہوئی امریکی مداخلت اور سیلاب جیسی آفات کا,clean_printed_dataset
images/printed_word/printed_1439.png,کی جائے تو وہ تاجروں کو قتل کرنے سے بھی,clean_printed_dataset
images/printed_word/printed_1440.png,ہے کہ اس مبینہ خط میں ایم کیو ایم کے,clean_printed_dataset
images/printed_word/printed_1441.png,کی اور خواتین میں ان کی اولین پسند کترینہ کیف,clean_printed_dataset
images/printed_word/printed_1442.png,جرم پر نوکری سے برخواست کر دیا گیا۔ ناردرن کانسٹیبلری,clean_printed_dataset
images/printed_word/printed_1443.png,ڈاکٹر عیسیٰ لیب کی مفت طبی سہولتوں کی فراہمی عظیم,clean_printed_dataset
images/printed_word/printed_1444.png,کے تحت انہیں 3 کروڑ ادا کئے جائیں گے اس,clean_printed_dataset
images/printed_word/printed_1445.png,کو سابق وزیر داخلہ سندھ ڈاکٹر ذوالفقار مرزا کے حامیوں,clean_printed_dataset
images/printed_word/printed_1446.png,تو وہ مستعفی ہوجائیں گے جس پر ایوان میں رائے,clean_printed_dataset
images/printed_word/printed_1447.png,آج تک محفوظ کرلیا۔ جسٹس ایم اے شاہد صدیقی کی,clean_printed_dataset
images/printed_word/printed_1448.png,لندن(پی اے) برطانوی بنکوں کی جانب سے معاشرے کو یہ,clean_printed_dataset
images/printed_word/printed_1449.png,مگر ہمیں نہیں چاہئیں مگر دیگر مراعات ملنی چاہئیں۔ انہوں,clean_printed_dataset
images/printed_word/printed_1450.png,کے کورنگی ٹاؤن کے سب رجسٹرار ظفر بلوچ اور اسسٹنٹ,clean_printed_dataset
images/printed_word/printed_1451.png,پورا کیا جائیگا۔صدر نے کہا کہ کراچی سے ٹارگٹ کلرز،,clean_printed_dataset
images/printed_word/printed_1452.png,فوری رخصت نہ کیا تولوگ اپنے اورپاکستان کے مستقبل سے,clean_printed_dataset
images/printed_word/printed_1453.png,پیشوا پوپ بینڈکٹ کی جانب سے تحفظ ناموس رسالت کا,clean_printed_dataset
images/printed_word/printed_1454.png,بھی 45 پیسے کی مندی رہی۔ نیشنل بینک آف پاکستان,clean_printed_dataset
images/printed_word/printed_1455.png,جرم عائد کی جائے گی یا نہیں۔انہوں نے یہ بھی,clean_printed_dataset
images/printed_word/printed_1456.png,لاس اینجلس (جنگ نیوز) باوثوق ذرائع کے مطابق ہالی وڈ,clean_printed_dataset
images/printed_word/printed_1457.png,راہول ڈریوڈ تیسرے نمبرپررہے، انہوں نے تین سنچریاں اسکورکیں۔ بولنگ,clean_printed_dataset
images/printed_word/printed_1458.png,کشی میں کردار ادا کیا، ہم نے ان الزامات کا,clean_printed_dataset
images/printed_word/printed_1459.png,مقصود نے خطاب کیا۔ آخر میں دبستان کے سرپرست غلام,clean_printed_dataset
images/printed_word/printed_1460.png,کرکے ملک بھر میں اپنا احتجاج ریکارڈ کرایا ہے اس,clean_printed_dataset
images/printed_word/printed_1461.png,گھر گھر میں یہ سوال پوچھا جارہا ہے کہ ذوالفقار,clean_printed_dataset
images/printed_word/printed_1462.png,یہ بات کلکٹر کسٹمز پریوینٹو جاوید غنی نے میڈیا کو,clean_printed_dataset
images/printed_word/printed_1463.png,دینا ظلم کی انتہا ہے۔ ہم نے دھمکی کے ذریعے,clean_printed_dataset
images/printed_word/printed_1464.png,باعزت مقام اور حیثیت ملنی چاہئے ذرا سی کوشش سے,clean_printed_dataset
images/printed_word/printed_1465.png,میاں عبدالستار‘ علی محمد مہر‘ لیاقت علی خان‘ سردار بہادر,clean_printed_dataset
images/printed_word/printed_1466.png,سے گیس کی فراہمی کا مطالبہ کیا، قبائلی رہنماوٴں نے,clean_printed_dataset
images/printed_word/printed_1467.png,نے ”امریکا سے اپنی وفاداری کا عہد توڑا ہے“۔ نوشیر,clean_printed_dataset
images/printed_word/printed_1468.png,کرو کے نام سے قائم کئے گئے ہیں۔,clean_printed_dataset
images/printed_word/printed_1469.png,کرواکر پارلیمنٹ کو اور بھی مضبوط کیا ہے، وفد کو,clean_printed_dataset
images/printed_word/printed_1470.png,جب تک پاکستان کا بل حملوں میں ملوث عناصر کے,clean_printed_dataset
images/printed_word/printed_1471.png,”وال سٹریٹ پر قبضہ کرو“ کی ویب سائٹ پر نیویارک,clean_printed_dataset
images/printed_word/printed_1472.png,بارے میں معلومات فراہم کریں۔ پولیس کے مطابق گذشتہ روز,clean_printed_dataset
images/printed_word/printed_1473.png,نے روک لیا، اس موقع پر درجنوں ڈنڈا بردار آمنے,clean_printed_dataset
images/printed_word/printed_1474.png,اتفاق‘ شیریں ارشد خان‘ سید صمصام علی بخاری‘ طاہرہ اورنگزیب‘,clean_printed_dataset
images/printed_word/printed_1475.png,کو ایک کار نے کچل دیا تھا۔ تین ستمبر کو,clean_printed_dataset
images/printed_word/printed_1476.png,فیصل آباد کے ترجمان نے بتایا کہ یہ رواں سال,clean_printed_dataset
images/printed_word/printed_1477.png,واشنگٹن (نیوز ڈیسک) وال سٹریٹ پر قبضہ کرو احتجاج 27,clean_printed_dataset
images/printed_word/printed_1478.png,نقاد اور محقق ڈاکٹر طاہر تونسوی نے کی اور ڈاکٹر,clean_printed_dataset
images/printed_word/printed_1479.png,میں چوہدری نثار نے کہا کہ پارلیمنٹ کی متفقہ قرارداد,clean_printed_dataset
images/printed_word/printed_1480.png,بعد خوفناک آگ نے پوری بس کو اپنی لپیٹ میں,clean_printed_dataset
images/printed_word/printed_1481.png,سندھ کے سابق وزیر داخلہ ذوالفقار مرزا کا رہا۔ ڈاکٹر,clean_printed_dataset
images/printed_word/printed_1482.png,بعد وہ زور سے ہنسے) انہوں نے میڈیا سے باتیں,clean_printed_dataset
images/printed_word/printed_1483.png,جن کوملیر میڈیکل سینٹر اور دیگر اسپتالوں میں داخل کردیا,clean_printed_dataset
images/printed_word/printed_1484.png,دن رات لوڈشیڈنگ میں اضافے کے خلاف سینکڑوں شہریوں نے,clean_printed_dataset
images/printed_word/printed_1485.png,سے لگانے کا مذموم عمل کیا جارہا ہے۔ ہم ملک,clean_printed_dataset
images/printed_word/printed_1486.png,کراچی پریس کلب میں پریس کانفرنس سے خطاب کرتے ہوئے,clean_printed_dataset
images/printed_word/printed_1487.png,کہا ہے کہ پاکستان کمزور ہو سکتا ہے لیکن ایک,clean_printed_dataset
images/printed_word/printed_1488.png,درمیان طے ہونے والے معاملات پر اپنی سفارشات پیش کرے,clean_printed_dataset
images/printed_word/printed_1489.png,خیالات کا اظہار یونائیٹڈ پرائیویٹ اسکولز مینجمنٹ فرنٹ کے چیئرمین,clean_printed_dataset
images/printed_word/printed_1490.png,ایک خاتون ہلاک اور 4خواتین اور بچوں سمیت 13افراد زخمی,clean_printed_dataset
images/printed_word/printed_1491.png,پیپلز پارٹی اور مسلم لیگ آزاد کشمیر میں اقتدار پر,clean_printed_dataset
images/printed_word/printed_1492.png,کراچی ( اسٹاف رپورٹر )شہر کے مختلف علاقوں میں فائرنگ,clean_printed_dataset
images/printed_word/printed_1493.png,(ایف سی بی سیز) کی انکیشمنٹ اور ان پر منافع,clean_printed_dataset
images/printed_word/printed_1494.png,ایشیائی ترقیاتی بنک نے بھی تحفظات کا اظہار کیا ہے,clean_printed_dataset
images/printed_word/printed_1495.png,اس قدر آگے بڑھ چکا ہے کہ اس نے دروغ,clean_printed_dataset
images/printed_word/printed_1496.png,کے رابن سوڈرلنگ چھٹے، فرانس کے گیل مونفلس ساتویں، امریکا,clean_printed_dataset
images/printed_word/printed_1497.png,کر لی۔سردار ذوالفقار کھوسہ نے کہا کہ ججوں کی بحالی,clean_printed_dataset
images/printed_word/printed_1498.png,میں تحریک آزادی کشمیر کو عالمی سطح پر اجاگر کرنے,clean_printed_dataset
images/printed_word/printed_1499.png,جس کے نتیجے میں ایک شخص زخمی ہوگیا ۔ شدید,clean_printed_dataset
images/printed_word/printed_1500.png,کے کھیل کا حصہ نہیں بننا چاہئے۔ انہوں نے کہا,clean_printed_dataset
images/scene_word/scene_word_0001.jpg,273,natural_scene_dataset
images/scene_word/scene_word_0002.jpg,نیو,natural_scene_dataset
images/scene_word/scene_word_0003.jpg,ماشاء,natural_scene_dataset
images/scene_word/scene_word_0004.jpg,ابوبکر,natural_scene_dataset
images/scene_word/scene_word_0005.jpg,سینٹر,natural_scene_dataset
images/scene_word/scene_word_0006.jpg,ھوٹل,natural_scene_dataset
images/scene_word/scene_word_0007.jpg,پورا,natural_scene_dataset
images/scene_word/scene_word_0008.jpg,گڈز,natural_scene_dataset
images/scene_word/scene_word_0009.jpg,خان,natural_scene_dataset
images/scene_word/scene_word_0010.jpg,سیٹھ,natural_scene_dataset
images/scene_word/scene_word_0011.jpg,نما,natural_scene_dataset
images/scene_word/scene_word_0012.jpg,پکوان,natural_scene_dataset
images/scene_word/scene_word_0013.jpg,آٹوز,natural_scene_dataset
images/scene_word/scene_word_0014.jpg,پیسفیک,natural_scene_dataset
images/scene_word/scene_word_0015.jpg,سیل,natural_scene_dataset
images/scene_word/scene_word_0016.jpg,سندھ,natural_scene_dataset
images/scene_word/scene_word_0017.jpg,ڪالوني,natural_scene_dataset
images/scene_word/scene_word_0018.jpg,هوٽل,natural_scene_dataset
images/scene_word/scene_word_0019.jpg,پینزی,natural_scene_dataset
images/scene_word/scene_word_0020.jpg,خاتمہ,natural_scene_dataset
images/scene_word/scene_word_0021.jpg,دل,natural_scene_dataset
images/scene_word/scene_word_0022.jpg,اسٹور,natural_scene_dataset
images/scene_word/scene_word_0023.jpg,فلاورز,natural_scene_dataset
images/scene_word/scene_word_0024.jpg,کوچ,natural_scene_dataset
images/scene_word/scene_word_0025.jpg,پکوان,natural_scene_dataset
images/scene_word/scene_word_0026.jpg,شدہ,natural_scene_dataset
images/scene_word/scene_word_0027.jpg,سے,natural_scene_dataset
images/scene_word/scene_word_0028.jpg,کار,natural_scene_dataset
images/scene_word/scene_word_0029.jpg,وضو,natural_scene_dataset
images/scene_word/scene_word_0030.jpg,پاکستان,natural_scene_dataset
images/scene_word/scene_word_0031.jpg,غزنی,natural_scene_dataset
images/scene_word/scene_word_0032.jpg,یونیفارم,natural_scene_dataset
images/scene_word/scene_word_0033.jpg,مین,natural_scene_dataset
images/scene_word/scene_word_0034.jpg,حیدرآباد,natural_scene_dataset
images/scene_word/scene_word_0035.jpg,ریسٹورنٹ,natural_scene_dataset
images/scene_word/scene_word_0036.jpg,فلیورس,natural_scene_dataset
images/scene_word/scene_word_0037.jpg,وڏي,natural_scene_dataset
images/scene_word/scene_word_0038.jpg,شاہ,natural_scene_dataset
images/scene_word/scene_word_0039.jpg,غریب,natural_scene_dataset
images/scene_word/scene_word_0040.jpg,بسم,natural_scene_dataset
images/scene_word/scene_word_0041.jpg,بازار,natural_scene_dataset
images/scene_word/scene_word_0042.jpg,خان,natural_scene_dataset
images/scene_word/scene_word_0043.jpg,عبد,natural_scene_dataset
images/scene_word/scene_word_0044.jpg,پکنک,natural_scene_dataset
images/scene_word/scene_word_0045.jpg,سعدی,natural_scene_dataset
images/scene_word/scene_word_0046.jpg,دیدار,natural_scene_dataset
images/scene_word/scene_word_0047.jpg,کارپوریشن,natural_scene_dataset
images/scene_word/scene_word_0048.jpg,سینٹر,natural_scene_dataset
images/scene_word/scene_word_0049.jpg,رجوع,natural_scene_dataset
images/scene_word/scene_word_0050.jpg,پلاسٹک,natural_scene_dataset
images/scene_word/scene_word_0051.jpg,خاصخیلی,natural_scene_dataset
images/scene_word/scene_word_0052.jpg,پوائنٹ,natural_scene_dataset
images/scene_word/scene_word_0053.jpg,موتیا,natural_scene_dataset
images/scene_word/scene_word_0054.jpg,کے,natural_scene_dataset
images/scene_word/scene_word_0055.jpg,لائٹ,natural_scene_dataset
images/scene_word/scene_word_0056.jpg,اور,natural_scene_dataset
images/scene_word/scene_word_0057.jpg,کمیونیکیشن,natural_scene_dataset
images/scene_word/scene_word_0058.jpg,اب,natural_scene_dataset
images/scene_word/scene_word_0059.jpg,ایک,natural_scene_dataset
images/scene_word/scene_word_0060.jpg,پوائنٹ,natural_scene_dataset
images/scene_word/scene_word_0061.jpg,آفيس,natural_scene_dataset
images/scene_word/scene_word_0062.jpg,جنریٹر,natural_scene_dataset
images/scene_word/scene_word_0063.jpg,تاج,natural_scene_dataset
images/scene_word/scene_word_0064.jpg,یں,natural_scene_dataset
images/scene_word/scene_word_0065.jpg,آئی,natural_scene_dataset
images/scene_word/scene_word_0066.jpg,کیفے,natural_scene_dataset
images/scene_word/scene_word_0067.jpg,مبارک,natural_scene_dataset
images/scene_word/scene_word_0068.jpg,مزمل,natural_scene_dataset
images/scene_word/scene_word_0069.jpg,ہمارے,natural_scene_dataset
images/scene_word/scene_word_0070.jpg,مکینک,natural_scene_dataset
images/scene_word/scene_word_0071.jpg,پیور,natural_scene_dataset
images/scene_word/scene_word_0072.jpg,ہے,natural_scene_dataset
images/scene_word/scene_word_0073.jpg,پروپرائیٹر,natural_scene_dataset
images/scene_word/scene_word_0074.jpg,دہی,natural_scene_dataset
images/scene_word/scene_word_0075.jpg,0313,natural_scene_dataset
images/scene_word/scene_word_0076.jpg,طوطا,natural_scene_dataset
images/scene_word/scene_word_0077.jpg,نزد,natural_scene_dataset
images/scene_word/scene_word_0078.jpg,وزیرستان,natural_scene_dataset
images/scene_word/scene_word_0079.jpg,کی,natural_scene_dataset
images/scene_word/scene_word_0080.jpg,سٹور,natural_scene_dataset
images/scene_word/scene_word_0081.jpg,کارنر,natural_scene_dataset
images/scene_word/scene_word_0082.jpg,لبرٹی,natural_scene_dataset
images/scene_word/scene_word_0083.jpg,کی,natural_scene_dataset
images/scene_word/scene_word_0084.jpg,اسپارکو,natural_scene_dataset
images/scene_word/scene_word_0085.jpg,الخير,natural_scene_dataset
images/scene_word/scene_word_0086.jpg,احمد,natural_scene_dataset
images/scene_word/scene_word_0087.jpg,لیموں,natural_scene_dataset
images/scene_word/scene_word_0088.jpg,دستياب,natural_scene_dataset
images/scene_word/scene_word_0089.jpg,موٹر,natural_scene_dataset
images/scene_word/scene_word_0090.jpg,ما,natural_scene_dataset
images/scene_word/scene_word_0091.jpg,32,natural_scene_dataset
images/scene_word/scene_word_0092.jpg,میر,natural_scene_dataset
images/scene_word/scene_word_0093.jpg,ہمارے,natural_scene_dataset
images/scene_word/scene_word_0094.jpg,ئی,natural_scene_dataset
images/scene_word/scene_word_0095.jpg,کار,natural_scene_dataset
images/scene_word/scene_word_0096.jpg,معروف,natural_scene_dataset
images/scene_word/scene_word_0097.jpg,فا,natural_scene_dataset
images/scene_word/scene_word_0098.jpg,عرفان,natural_scene_dataset
images/scene_word/scene_word_0099.jpg,0429,natural_scene_dataset
images/scene_word/scene_word_0100.jpg,ٹریڈرز,natural_scene_dataset
images/scene_word/scene_word_0101.jpg,ھوٹل,natural_scene_dataset
images/scene_word/scene_word_0102.jpg,ظفر,natural_scene_dataset
images/scene_word/scene_word_0103.jpg,پارٹس,natural_scene_dataset
images/scene_word/scene_word_0104.jpg,ھا,natural_scene_dataset
images/scene_word/scene_word_0105.jpg,لئے,natural_scene_dataset
images/scene_word/scene_word_0106.jpg,ٹی,natural_scene_dataset
images/scene_word/scene_word_0107.jpg,کاسمیٹکس,natural_scene_dataset
images/scene_word/scene_word_0108.jpg,اسکول,natural_scene_dataset
images/scene_word/scene_word_0109.jpg,ہوشیار,natural_scene_dataset
images/scene_word/scene_word_0110.jpg,بار,natural_scene_dataset
images/scene_word/scene_word_0111.jpg,کیا,natural_scene_dataset
images/scene_word/scene_word_0112.jpg,دال,natural_scene_dataset
images/scene_word/scene_word_0113.jpg,مکینک,natural_scene_dataset
images/scene_word/scene_word_0114.jpg,2935323,natural_scene_dataset
images/scene_word/scene_word_0115.jpg,با,natural_scene_dataset
images/scene_word/scene_word_0116.jpg,استاد,natural_scene_dataset
images/scene_word/scene_word_0117.jpg,مین,natural_scene_dataset
images/scene_word/scene_word_0118.jpg,قلفه,natural_scene_dataset
images/scene_word/scene_word_0119.jpg,سینٹر,natural_scene_dataset
images/scene_word/scene_word_0120.jpg,پاکستان,natural_scene_dataset
images/scene_word/scene_word_0121.jpg,المدینه,natural_scene_dataset
images/scene_word/scene_word_0122.jpg,هاء,natural_scene_dataset
images/scene_word/scene_word_0123.jpg,جاؤ,natural_scene_dataset
images/scene_word/scene_word_0124.jpg,رابطے,natural_scene_dataset
images/scene_word/scene_word_0125.jpg,ادویات,natural_scene_dataset
images/scene_word/scene_word_0126.jpg,ریپئرنگ,natural_scene_dataset
images/scene_word/scene_word_0127.jpg,جاتا,natural_scene_dataset
images/scene_word/scene_word_0128.jpg,نظیر,natural_scene_dataset
images/scene_word/scene_word_0129.jpg,ڈیری,natural_scene_dataset
images/scene_word/scene_word_0130.jpg,ما,natural_scene_dataset
images/scene_word/scene_word_0131.jpg,دواخانہ,natural_scene_dataset
images/scene_word/scene_word_0132.jpg,لطيف,natural_scene_dataset
images/scene_word/scene_word_0133.jpg,جام,natural_scene_dataset
images/scene_word/scene_word_0134.jpg,0333,natural_scene_dataset
images/scene_word/scene_word_0135.jpg,علی,natural_scene_dataset
images/scene_word/scene_word_0136.jpg,وارث,natural_scene_dataset
images/scene_word/scene_word_0137.jpg,0331-8338734,natural_scene_dataset
images/scene_word/scene_word_0138.jpg,ھاؤس,natural_scene_dataset
images/scene_word/scene_word_0139.jpg,زادہ,natural_scene_dataset
images/scene_word/scene_word_0140.jpg,بینک,natural_scene_dataset
images/scene_word/scene_word_0141.jpg,ریسٹورنٹ,natural_scene_dataset
images/scene_word/scene_word_0142.jpg,تقریبات,natural_scene_dataset
images/scene_word/scene_word_0143.jpg,طعام,natural_scene_dataset
images/scene_word/scene_word_0144.jpg,اینڈ,natural_scene_dataset
images/scene_word/scene_word_0145.jpg,ٹریڈنگ,natural_scene_dataset
images/scene_word/scene_word_0146.jpg,کا,natural_scene_dataset
images/scene_word/scene_word_0147.jpg,استاد,natural_scene_dataset
images/scene_word/scene_word_0148.jpg,سیونگ,natural_scene_dataset
images/scene_word/scene_word_0149.jpg,رکھیں,natural_scene_dataset
images/scene_word/scene_word_0150.jpg,آئل,natural_scene_dataset
images/scene_word/scene_word_0151.jpg,سپر,natural_scene_dataset
images/scene_word/scene_word_0152.jpg,تک,natural_scene_dataset
images/scene_word/scene_word_0153.jpg,ادویات,natural_scene_dataset
images/scene_word/scene_word_0154.jpg,برکت,natural_scene_dataset
images/scene_word/scene_word_0155.jpg,کول,natural_scene_dataset
images/scene_word/scene_word_0156.jpg,سندھ,natural_scene_dataset
images/scene_word/scene_word_0157.jpg,طوطے,natural_scene_dataset
images/scene_word/scene_word_0158.jpg,ناصر,natural_scene_dataset
images/scene_word/scene_word_0159.jpg,کئے,natural_scene_dataset
images/scene_word/scene_word_0160.jpg,مووي,natural_scene_dataset
images/scene_word/scene_word_0161.jpg,0302-2737954,natural_scene_dataset
images/scene_word/scene_word_0162.jpg,رانا,natural_scene_dataset
images/scene_word/scene_word_0163.jpg,عالم,natural_scene_dataset
images/scene_word/scene_word_0164.jpg,پارٽس,natural_scene_dataset
images/scene_word/scene_word_0165.jpg,گردن,natural_scene_dataset
images/scene_word/scene_word_0166.jpg,نمک,natural_scene_dataset
images/scene_word/scene_word_0167.jpg,کیا,natural_scene_dataset
images/scene_word/scene_word_0168.jpg,انڊس,natural_scene_dataset
images/scene_word/scene_word_0169.jpg,برائے,natural_scene_dataset
images/scene_word/scene_word_0170.jpg,سروس,natural_scene_dataset
images/scene_word/scene_word_0171.jpg,صدقات,natural_scene_dataset
images/scene_word/scene_word_0172.jpg,کر,natural_scene_dataset
images/scene_word/scene_word_0173.jpg,رول,natural_scene_dataset
images/scene_word/scene_word_0174.jpg,0308-3571655,natural_scene_dataset
images/scene_word/scene_word_0175.jpg,ہول,natural_scene_dataset
images/scene_word/scene_word_0176.jpg,3082484,natural_scene_dataset
images/scene_word/scene_word_0177.jpg,شھنشاہ,natural_scene_dataset
images/scene_word/scene_word_0178.jpg,دانہ,natural_scene_dataset
images/scene_word/scene_word_0179.jpg,مکینک,natural_scene_dataset
images/scene_word/scene_word_0180.jpg,اقسام,natural_scene_dataset
images/scene_word/scene_word_0181.jpg,عمران,natural_scene_dataset
images/scene_word/scene_word_0182.jpg,سراز,natural_scene_dataset
images/scene_word/scene_word_0183.jpg,شاپ,natural_scene_dataset
images/scene_word/scene_word_0184.jpg,کلاتھ,natural_scene_dataset
images/scene_word/scene_word_0185.jpg,پنٹر,natural_scene_dataset
images/scene_word/scene_word_0186.jpg,عربی,natural_scene_dataset
images/scene_word/scene_word_0187.jpg,22000,natural_scene_dataset
images/scene_word/scene_word_0188.jpg,آٹوز,natural_scene_dataset
images/scene_word/scene_word_0189.jpg,ڈپلومہ,natural_scene_dataset
images/scene_word/scene_word_0190.jpg,احترام,natural_scene_dataset
images/scene_word/scene_word_0191.jpg,نا,natural_scene_dataset
images/scene_word/scene_word_0192.jpg,شا,natural_scene_dataset
images/scene_word/scene_word_0193.jpg,03103788515,natural_scene_dataset
images/scene_word/scene_word_0194.jpg,انڈس,natural_scene_dataset
images/scene_word/scene_word_0195.jpg,زندگی,natural_scene_dataset
images/scene_word/scene_word_0196.jpg,رضوان,natural_scene_dataset
images/scene_word/scene_word_0197.jpg,مہران,natural_scene_dataset
images/scene_word/scene_word_0198.jpg,ڈیری,natural_scene_dataset
images/scene_word/scene_word_0199.jpg,برادرز,natural_scene_dataset
images/scene_word/scene_word_0200.jpg,نیا,natural_scene_dataset
images/scene_word/scene_word_0201.jpg,کا,natural_scene_dataset
images/scene_word/scene_word_0202.jpg,کے,natural_scene_dataset
images/scene_word/scene_word_0203.jpg,زکو,natural_scene_dataset
images/scene_word/scene_word_0204.jpg,فین,natural_scene_dataset
images/scene_word/scene_word_0205.jpg,قريشي,natural_scene_dataset
images/scene_word/scene_word_0206.jpg,کے,natural_scene_dataset
images/scene_word/scene_word_0207.jpg,تو,natural_scene_dataset
images/scene_word/scene_word_0208.jpg,معقول,natural_scene_dataset
images/scene_word/scene_word_0209.jpg,میں,natural_scene_dataset
images/scene_word/scene_word_0210.jpg,0316,natural_scene_dataset
images/scene_word/scene_word_0211.jpg,طلبا,natural_scene_dataset
images/scene_word/scene_word_0212.jpg,بدر,natural_scene_dataset
images/scene_word/scene_word_0213.jpg,بائی,natural_scene_dataset
images/scene_word/scene_word_0214.jpg,مسلم,natural_scene_dataset
images/scene_word/scene_word_0215.jpg,لائف,natural_scene_dataset
images/scene_word/scene_word_0216.jpg,ھوٹل,natural_scene_dataset
images/scene_word/scene_word_0217.jpg,آٹو,natural_scene_dataset
images/scene_word/scene_word_0218.jpg,علی,natural_scene_dataset
images/scene_word/scene_word_0219.jpg,اسپیشل,natural_scene_dataset
images/scene_word/scene_word_0220.jpg,استاد,natural_scene_dataset
images/scene_word/scene_word_0221.jpg,دستیاب,natural_scene_dataset
images/scene_word/scene_word_0222.jpg,مرکز,natural_scene_dataset
images/scene_word/scene_word_0223.jpg,ایک,natural_scene_dataset
images/scene_word/scene_word_0224.jpg,پروپرائیٹر,natural_scene_dataset
images/scene_word/scene_word_0225.jpg,ھوٹل,natural_scene_dataset
images/scene_word/scene_word_0226.jpg,کا,natural_scene_dataset
images/scene_word/scene_word_0227.jpg,کار,natural_scene_dataset
images/scene_word/scene_word_0228.jpg,اینڈ,natural_scene_dataset
images/scene_word/scene_word_0229.jpg,تقریبات,natural_scene_dataset
images/scene_word/scene_word_0230.jpg,مير,natural_scene_dataset
images/scene_word/scene_word_0231.jpg,سینٹر,natural_scene_dataset
images/scene_word/scene_word_0232.jpg,0315-3004414,natural_scene_dataset
images/scene_word/scene_word_0233.jpg,آلو,natural_scene_dataset
images/scene_word/scene_word_0234.jpg,اوور,natural_scene_dataset
images/scene_word/scene_word_0235.jpg,محمد,natural_scene_dataset
images/scene_word/scene_word_0236.jpg,اور,natural_scene_dataset
images/scene_word/scene_word_0237.jpg,لاہوری,natural_scene_dataset
images/scene_word/scene_word_0238.jpg,اجوا,natural_scene_dataset
images/scene_word/scene_word_0239.jpg,کول,natural_scene_dataset
images/scene_word/scene_word_0240.jpg,پروپرائیٹر,natural_scene_dataset
images/scene_word/scene_word_0241.jpg,کے,natural_scene_dataset
images/scene_word/scene_word_0242.jpg,سینٹر,natural_scene_dataset
images/scene_word/scene_word_0243.jpg,لوگوں,natural_scene_dataset
images/scene_word/scene_word_0244.jpg,قیام,natural_scene_dataset
images/scene_word/scene_word_0245.jpg,ساجد,natural_scene_dataset
images/scene_word/scene_word_0246.jpg,سے,natural_scene_dataset
images/scene_word/scene_word_0247.jpg,دکان,natural_scene_dataset
images/scene_word/scene_word_0248.jpg,ہے,natural_scene_dataset
images/scene_word/scene_word_0249.jpg,لا,natural_scene_dataset
images/scene_word/scene_word_0250.jpg,دودھ,natural_scene_dataset
images/scene_word/scene_word_0251.jpg,007000,natural_scene_dataset
images/scene_word/scene_word_0252.jpg,اسلام آباد,natural_scene_dataset
images/scene_word/scene_word_0253.jpg,ٽنڊوڄام,natural_scene_dataset
images/scene_word/scene_word_0254.jpg,8305,natural_scene_dataset
images/scene_word/scene_word_0255.jpg,یا,natural_scene_dataset
images/scene_word/scene_word_0256.jpg,زندگی,natural_scene_dataset
images/scene_word/scene_word_0257.jpg,کوئی,natural_scene_dataset
images/scene_word/scene_word_0258.jpg,تمام,natural_scene_dataset
images/scene_word/scene_word_0259.jpg,پروپرائیٹر,natural_scene_dataset
images/scene_word/scene_word_0260.jpg,عرفان,natural_scene_dataset
images/scene_word/scene_word_0261.jpg,کا,natural_scene_dataset
images/scene_word/scene_word_0262.jpg,علی,natural_scene_dataset
images/scene_word/scene_word_0263.jpg,مشین,natural_scene_dataset
images/scene_word/scene_word_0264.jpg,برگر,natural_scene_dataset
images/scene_word/scene_word_0265.jpg,روزانہ,natural_scene_dataset
images/scene_word/scene_word_0266.jpg,نورانی,natural_scene_dataset
images/scene_word/scene_word_0267.jpg,2820328,natural_scene_dataset
images/scene_word/scene_word_0268.jpg,ہا,natural_scene_dataset
images/scene_word/scene_word_0269.jpg,کولڈ,natural_scene_dataset
images/scene_word/scene_word_0270.jpg,روڈ,natural_scene_dataset
images/scene_word/scene_word_0271.jpg,ڈسٹی بیوٹر,natural_scene_dataset
images/scene_word/scene_word_0272.jpg,حیدرآباد,natural_scene_dataset
images/scene_word/scene_word_0273.jpg,پورا,natural_scene_dataset
images/scene_word/scene_word_0274.jpg,یونیفارم,natural_scene_dataset
images/scene_word/scene_word_0275.jpg,اور,natural_scene_dataset
images/scene_word/scene_word_0276.jpg,الدین,natural_scene_dataset
images/scene_word/scene_word_0277.jpg,2454439,natural_scene_dataset
images/scene_word/scene_word_0278.jpg,حاجی,natural_scene_dataset
images/scene_word/scene_word_0279.jpg,انگریزی,natural_scene_dataset
images/scene_word/scene_word_0280.jpg,اینڈ,natural_scene_dataset
images/scene_word/scene_word_0281.jpg,سیل,natural_scene_dataset
images/scene_word/scene_word_0282.jpg,سينٽر,natural_scene_dataset
images/scene_word/scene_word_0283.jpg,نایاب,natural_scene_dataset
images/scene_word/scene_word_0284.jpg,0300-3297741,natural_scene_dataset
images/scene_word/scene_word_0285.jpg,لکا,natural_scene_dataset
images/scene_word/scene_word_0286.jpg,اسد,natural_scene_dataset
images/scene_word/scene_word_0287.jpg,کھیلیں,natural_scene_dataset
images/scene_word/scene_word_0288.jpg,عامر,natural_scene_dataset
images/scene_word/scene_word_0289.jpg,ربڑی,natural_scene_dataset
images/scene_word/scene_word_0290.jpg,مو,natural_scene_dataset
images/scene_word/scene_word_0291.jpg,لطيف,natural_scene_dataset
images/scene_word/scene_word_0292.jpg,ٹنڈوجام,natural_scene_dataset
images/scene_word/scene_word_0293.jpg,سنگاپور,natural_scene_dataset
images/scene_word/scene_word_0294.jpg,تم,natural_scene_dataset
images/scene_word/scene_word_0295.jpg,دل,natural_scene_dataset
images/scene_word/scene_word_0296.jpg,بریانی,natural_scene_dataset
images/scene_word/scene_word_0297.jpg,صاف,natural_scene_dataset
images/scene_word/scene_word_0298.jpg,لینس,natural_scene_dataset
images/scene_word/scene_word_0299.jpg,کوئٹه,natural_scene_dataset
images/scene_word/scene_word_0300.jpg,اتوار,natural_scene_dataset
images/scene_word/scene_word_0301.jpg,رہائشی,natural_scene_dataset
images/scene_word/scene_word_0302.jpg,موبائل,natural_scene_dataset
images/scene_word/scene_word_0303.jpg,کے,natural_scene_dataset
images/scene_word/scene_word_0304.jpg,اینڈ,natural_scene_dataset
images/scene_word/scene_word_0305.jpg,اینڈ,natural_scene_dataset
images/scene_word/scene_word_0306.jpg,ایٹس,natural_scene_dataset
images/scene_word/scene_word_0307.jpg,سیل,natural_scene_dataset
images/scene_word/scene_word_0308.jpg,ریسٹورنٹ,natural_scene_dataset
images/scene_word/scene_word_0309.jpg,اوپر,natural_scene_dataset
images/scene_word/scene_word_0310.jpg,خصوصی,natural_scene_dataset
images/scene_word/scene_word_0311.jpg,کا,natural_scene_dataset
images/scene_word/scene_word_0312.jpg,ہوٹل,natural_scene_dataset
images/scene_word/scene_word_0313.jpg,گاڑیوں,natural_scene_dataset
images/scene_word/scene_word_0314.jpg,بیاہ,natural_scene_dataset
images/scene_word/scene_word_0315.jpg,حضرات,natural_scene_dataset
images/scene_word/scene_word_0316.jpg,رضا,natural_scene_dataset
images/scene_word/scene_word_0317.jpg,تو,natural_scene_dataset
images/scene_word/scene_word_0318.jpg,سروس,natural_scene_dataset
images/scene_word/scene_word_0319.jpg,کے,natural_scene_dataset
images/scene_word/scene_word_0320.jpg,بیٹری,natural_scene_dataset
images/scene_word/scene_word_0321.jpg,سیمنٹ,natural_scene_dataset
images/scene_word/scene_word_0322.jpg,الحبیب,natural_scene_dataset
images/scene_word/scene_word_0323.jpg,لیئے,natural_scene_dataset
images/scene_word/scene_word_0324.jpg,نان,natural_scene_dataset
images/scene_word/scene_word_0325.jpg,یا,natural_scene_dataset
images/scene_word/scene_word_0326.jpg,افتتاح,natural_scene_dataset
images/scene_word/scene_word_0327.jpg,تربوز,natural_scene_dataset
images/scene_word/scene_word_0328.jpg,نیو,natural_scene_dataset
images/scene_word/scene_word_0329.jpg,فی,natural_scene_dataset
images/scene_word/scene_word_0330.jpg,احمد,natural_scene_dataset
images/scene_word/scene_word_0331.jpg,عثمانیہ,natural_scene_dataset
images/scene_word/scene_word_0332.jpg,0302,natural_scene_dataset
images/scene_word/scene_word_0333.jpg,سروس,natural_scene_dataset
images/scene_word/scene_word_0334.jpg,اصلاح,natural_scene_dataset
images/scene_word/scene_word_0335.jpg,آٹوز,natural_scene_dataset
images/scene_word/scene_word_0336.jpg,کرائیں,natural_scene_dataset
images/scene_word/scene_word_0337.jpg,میڈیکل,natural_scene_dataset
images/scene_word/scene_word_0338.jpg,آرڈر,natural_scene_dataset
images/scene_word/scene_word_0339.jpg,ونگ,natural_scene_dataset
images/scene_word/scene_word_0340.jpg,اینڈ,natural_scene_dataset
images/scene_word/scene_word_0341.jpg,گلفشاں,natural_scene_dataset
images/scene_word/scene_word_0342.jpg,تربيتي,natural_scene_dataset
images/scene_word/scene_word_0343.jpg,صائمہ,natural_scene_dataset
images/scene_word/scene_word_0344.jpg,ریڈی ایٹر,natural_scene_dataset
images/scene_word/scene_word_0345.jpg,موثر,natural_scene_dataset
images/scene_word/scene_word_0346.jpg,راؤ,natural_scene_dataset
images/scene_word/scene_word_0347.jpg,کیرئیر,natural_scene_dataset
images/scene_word/scene_word_0348.jpg,الطیف,natural_scene_dataset
images/scene_word/scene_word_0349.jpg,کارنر,natural_scene_dataset
images/scene_word/scene_word_0350.jpg,کے,natural_scene_dataset
images/scene_word/scene_word_0351.jpg,0307-2466843,natural_scene_dataset
images/scene_word/scene_word_0352.jpg,حیدر,natural_scene_dataset
images/scene_word/scene_word_0353.jpg,سپیشل,natural_scene_dataset
images/scene_word/scene_word_0354.jpg,چائلڈ,natural_scene_dataset
images/scene_word/scene_word_0355.jpg,ڈنگہ,natural_scene_dataset
images/scene_word/scene_word_0356.jpg,ہر,natural_scene_dataset
images/scene_word/scene_word_0357.jpg,ٹنڈوجام,natural_scene_dataset
images/scene_word/scene_word_0358.jpg,کا,natural_scene_dataset
images/scene_word/scene_word_0359.jpg,اقبال,natural_scene_dataset
images/scene_word/scene_word_0360.jpg,نی,natural_scene_dataset
images/scene_word/scene_word_0361.jpg,کیفے,natural_scene_dataset
images/scene_word/scene_word_0362.jpg,کار,natural_scene_dataset
images/scene_word/scene_word_0363.jpg,کرو,natural_scene_dataset
images/scene_word/scene_word_0364.jpg,دکان,natural_scene_dataset
images/scene_word/scene_word_0365.jpg,چائنیز,natural_scene_dataset
images/scene_word/scene_word_0366.jpg,بالمقابل,natural_scene_dataset
images/scene_word/scene_word_0367.jpg,دستگیری,natural_scene_dataset
images/scene_word/scene_word_0368.jpg,لمحے,natural_scene_dataset
images/scene_word/scene_word_0369.jpg,شیرین,natural_scene_dataset
images/scene_word/scene_word_0370.jpg,سب,natural_scene_dataset
images/scene_word/scene_word_0371.jpg,مو,natural_scene_dataset
images/scene_word/scene_word_0372.jpg,پرنس,natural_scene_dataset
images/scene_word/scene_word_0373.jpg,کا,natural_scene_dataset
images/scene_word/scene_word_0374.jpg,جنگلی,natural_scene_dataset
images/scene_word/scene_word_0375.jpg,میمن,natural_scene_dataset
images/scene_word/scene_word_0376.jpg,نئی,natural_scene_dataset
images/scene_word/scene_word_0377.jpg,مرحبا,natural_scene_dataset
images/scene_word/scene_word_0378.jpg,ہے,natural_scene_dataset
images/scene_word/scene_word_0379.jpg,ٹنڈو,natural_scene_dataset
images/scene_word/scene_word_0380.jpg,ہیوی,natural_scene_dataset
images/scene_word/scene_word_0381.jpg,اینڈ,natural_scene_dataset
images/scene_word/scene_word_0382.jpg,باڑے,natural_scene_dataset
images/scene_word/scene_word_0383.jpg,ہماری,natural_scene_dataset
images/scene_word/scene_word_0384.jpg,لعل,natural_scene_dataset
images/scene_word/scene_word_0385.jpg,فزیوتھراپی,natural_scene_dataset
images/scene_word/scene_word_0386.jpg,کوچنگ,natural_scene_dataset
images/scene_word/scene_word_0387.jpg,الشھباز,natural_scene_dataset
images/scene_word/scene_word_0388.jpg,نعیم,natural_scene_dataset
images/scene_word/scene_word_0389.jpg,کریں,natural_scene_dataset
images/scene_word/scene_word_0390.jpg,سٹی,natural_scene_dataset
images/scene_word/scene_word_0391.jpg,اینڈ,natural_scene_dataset
images/scene_word/scene_word_0392.jpg,پریمیر,natural_scene_dataset
images/scene_word/scene_word_0393.jpg,اعلٰی,natural_scene_dataset
images/scene_word/scene_word_0394.jpg,بریانی,natural_scene_dataset
images/scene_word/scene_word_0395.jpg,ونڈ,natural_scene_dataset
images/scene_word/scene_word_0396.jpg,08,natural_scene_dataset
images/scene_word/scene_word_0397.jpg,مال,natural_scene_dataset
images/scene_word/scene_word_0398.jpg,سلاطین,natural_scene_dataset
images/scene_word/scene_word_0399.jpg,ایکسپریس,natural_scene_dataset
images/scene_word/scene_word_0400.jpg,3011248,natural_scene_dataset
images/scene_word/scene_word_0401.jpg,الیکٹرک,natural_scene_dataset
images/scene_word/scene_word_0402.jpg,تک,natural_scene_dataset
images/scene_word/scene_word_0403.jpg,ماشا,natural_scene_dataset
images/scene_word/scene_word_0404.jpg,ھائوس,natural_scene_dataset
images/scene_word/scene_word_0405.jpg,سافٹ,natural_scene_dataset
images/scene_word/scene_word_0406.jpg,جو,natural_scene_dataset
images/scene_word/scene_word_0407.jpg,سے,natural_scene_dataset
images/scene_word/scene_word_0408.jpg,اسٹور,natural_scene_dataset
images/scene_word/scene_word_0409.jpg,اور,natural_scene_dataset
images/scene_word/scene_word_0410.jpg,الرحمٰن,natural_scene_dataset
images/scene_word/scene_word_0411.jpg,الحکمت,natural_scene_dataset
images/scene_word/scene_word_0412.jpg,ہر,natural_scene_dataset
images/scene_word/scene_word_0413.jpg,پارٹس,natural_scene_dataset
images/scene_word/scene_word_0414.jpg,فلاور,natural_scene_dataset
images/scene_word/scene_word_0415.jpg,ٽنڊوڄام,natural_scene_dataset
images/scene_word/scene_word_0416.jpg,میٹرنٹی,natural_scene_dataset
images/scene_word/scene_word_0417.jpg,دن,natural_scene_dataset
images/scene_word/scene_word_0418.jpg,سٹور,natural_scene_dataset
images/scene_word/scene_word_0419.jpg,اینڈ,natural_scene_dataset
images/scene_word/scene_word_0420.jpg,اينڊ,natural_scene_dataset
images/scene_word/scene_word_0421.jpg,آٹو,natural_scene_dataset
images/scene_word/scene_word_0422.jpg,جنرل,natural_scene_dataset
images/scene_word/scene_word_0423.jpg,موٹرز,natural_scene_dataset
images/scene_word/scene_word_0424.jpg,راجپوت,natural_scene_dataset
images/scene_word/scene_word_0425.jpg,بابر,natural_scene_dataset
images/scene_word/scene_word_0426.jpg,کا,natural_scene_dataset
images/scene_word/scene_word_0427.jpg,آریا,natural_scene_dataset
images/scene_word/scene_word_0428.jpg,ہوشیار,natural_scene_dataset
images/scene_word/scene_word_0429.jpg,کا,natural_scene_dataset
images/scene_word/scene_word_0430.jpg,شادی,natural_scene_dataset
images/scene_word/scene_word_0431.jpg,چنا,natural_scene_dataset
images/scene_word/scene_word_0432.jpg,مدنی,natural_scene_dataset
images/scene_word/scene_word_0433.jpg,گھر,natural_scene_dataset
images/scene_word/scene_word_0434.jpg,جاتا,natural_scene_dataset
images/scene_word/scene_word_0435.jpg,کا,natural_scene_dataset
images/scene_word/scene_word_0436.jpg,هولسيل,natural_scene_dataset
images/scene_word/scene_word_0437.jpg,اجتماع,natural_scene_dataset
images/scene_word/scene_word_0438.jpg,الیکٹریشن,natural_scene_dataset
images/scene_word/scene_word_0439.jpg,اے,natural_scene_dataset
images/scene_word/scene_word_0440.jpg,اینڈ,natural_scene_dataset
images/scene_word/scene_word_0441.jpg,غلام,natural_scene_dataset
images/scene_word/scene_word_0442.jpg,مشہور,natural_scene_dataset
images/scene_word/scene_word_0443.jpg,ٹائر,natural_scene_dataset
images/scene_word/scene_word_0444.jpg,سندھ,natural_scene_dataset
images/scene_word/scene_word_0445.jpg,ورڪس,natural_scene_dataset
images/scene_word/scene_word_0446.jpg,کا,natural_scene_dataset
images/scene_word/scene_word_0447.jpg,0310-6505050,natural_scene_dataset
images/scene_word/scene_word_0448.jpg,صنوبر,natural_scene_dataset
images/scene_word/scene_word_0449.jpg,ہوٹل,natural_scene_dataset
images/scene_word/scene_word_0450.jpg,مو,natural_scene_dataset
images/scene_word/scene_word_0451.jpg,چائنہ,natural_scene_dataset
images/scene_word/scene_word_0452.jpg,کول,natural_scene_dataset
images/scene_word/scene_word_0453.jpg,کا,natural_scene_dataset
images/scene_word/scene_word_0454.jpg,جنڪشن,natural_scene_dataset
images/scene_word/scene_word_0455.jpg,گیسٹ,natural_scene_dataset
images/scene_word/scene_word_0456.jpg,طارق,natural_scene_dataset
images/scene_word/scene_word_0457.jpg,نوابشاھ,natural_scene_dataset
images/scene_word/scene_word_0458.jpg,فیضان,natural_scene_dataset
images/scene_word/scene_word_0459.jpg,ہولسیل,natural_scene_dataset
images/scene_word/scene_word_0460.jpg,فون,natural_scene_dataset
images/scene_word/scene_word_0461.jpg,پوائنٹ,natural_scene_dataset
images/scene_word/scene_word_0462.jpg,ونڈو,natural_scene_dataset
images/scene_word/scene_word_0463.jpg,دہی,natural_scene_dataset
images/scene_word/scene_word_0464.jpg,نمبر,natural_scene_dataset
images/scene_word/scene_word_0465.jpg,گیا,natural_scene_dataset
images/scene_word/scene_word_0466.jpg,نندن,natural_scene_dataset
images/scene_word/scene_word_0467.jpg,واڳون,natural_scene_dataset
images/scene_word/scene_word_0468.jpg,پاک,natural_scene_dataset
images/scene_word/scene_word_0469.jpg,کلینک,natural_scene_dataset
images/scene_word/scene_word_0470.jpg,ریسٹورنٹ,natural_scene_dataset
images/scene_word/scene_word_0471.jpg,لومڙ,natural_scene_dataset
images/scene_word/scene_word_0472.jpg,نیٹ ورک,natural_scene_dataset
images/scene_word/scene_word_0473.jpg,چنے,natural_scene_dataset
images/scene_word/scene_word_0474.jpg,ہاؤس,natural_scene_dataset
images/scene_word/scene_word_0475.jpg,پاک,natural_scene_dataset
images/scene_word/scene_word_0476.jpg,شاہ,natural_scene_dataset
images/scene_word/scene_word_0477.jpg,اظھار,natural_scene_dataset
images/scene_word/scene_word_0478.jpg,مو,natural_scene_dataset
images/scene_word/scene_word_0479.jpg,دودھ,natural_scene_dataset
images/scene_word/scene_word_0480.jpg,قیصر,natural_scene_dataset
images/scene_word/scene_word_0481.jpg,دودھ,natural_scene_dataset
images/scene_word/scene_word_0482.jpg,ہی,natural_scene_dataset
images/scene_word/scene_word_0483.jpg,بیاہ,natural_scene_dataset
images/scene_word/scene_word_0484.jpg,کوئٹہ,natural_scene_dataset
images/scene_word/scene_word_0485.jpg,والا,natural_scene_dataset
images/scene_word/scene_word_0486.jpg,چکوال,natural_scene_dataset
images/scene_word/scene_word_0487.jpg,آٹوز,natural_scene_dataset
images/scene_word/scene_word_0488.jpg,زندگی,natural_scene_dataset
images/scene_word/scene_word_0489.jpg,یہاں,natural_scene_dataset
images/scene_word/scene_word_0490.jpg,فياض,natural_scene_dataset
images/scene_word/scene_word_0491.jpg,پاکستان,natural_scene_dataset
images/scene_word/scene_word_0492.jpg,مشین,natural_scene_dataset
images/scene_word/scene_word_0493.jpg,مایو,natural_scene_dataset
images/scene_word/scene_word_0494.jpg,ٹائر,natural_scene_dataset
images/scene_word/scene_word_0495.jpg,ڈاکٹر,natural_scene_dataset
images/scene_word/scene_word_0496.jpg,دل,natural_scene_dataset
images/scene_word/scene_word_0497.jpg,بیکرز,natural_scene_dataset
images/scene_word/scene_word_0498.jpg,مضبوط,natural_scene_dataset
images/scene_word/scene_word_0499.jpg,العزیز,natural_scene_dataset
images/scene_word/scene_word_0500.jpg,نیا,natural_scene_dataset
images/scene_word/scene_word_0501.jpg,کلینر,natural_scene_dataset
images/scene_word/scene_word_0502.jpg,روزانہ,natural_scene_dataset
images/scene_word/scene_word_0503.jpg,رتودیرو,natural_scene_dataset
images/scene_word/scene_word_0504.jpg,پیر,natural_scene_dataset
images/scene_word/scene_word_0505.jpg,کے,natural_scene_dataset
images/scene_word/scene_word_0506.jpg,خانه,natural_scene_dataset
images/scene_word/scene_word_0507.jpg,پروپرائیٹر,natural_scene_dataset
images/scene_word/scene_word_0508.jpg,3170717,natural_scene_dataset
images/scene_word/scene_word_0509.jpg,سندھ,natural_scene_dataset
images/scene_word/scene_word_0510.jpg,کولڈ,natural_scene_dataset
images/scene_word/scene_word_0511.jpg,حیدرآباد,natural_scene_dataset
images/scene_word/scene_word_0512.jpg,کیلئے,natural_scene_dataset
images/scene_word/scene_word_0513.jpg,008,natural_scene_dataset
images/scene_word/scene_word_0514.jpg,جنرل,natural_scene_dataset
images/scene_word/scene_word_0515.jpg,سپر,natural_scene_dataset
images/scene_word/scene_word_0516.jpg,الیکٹریشن,natural_scene_dataset
images/scene_word/scene_word_0517.jpg,رابطه,natural_scene_dataset
images/scene_word/scene_word_0518.jpg,کوسٹر,natural_scene_dataset
images/scene_word/scene_word_0519.jpg,الرحمٰن,natural_scene_dataset
images/scene_word/scene_word_0520.jpg,شعبان,natural_scene_dataset
images/scene_word/scene_word_0521.jpg,سینٹر,natural_scene_dataset
images/scene_word/scene_word_0522.jpg,لذیز,natural_scene_dataset
images/scene_word/scene_word_0523.jpg,دوست,natural_scene_dataset
images/scene_word/scene_word_0524.jpg,میں,natural_scene_dataset
images/scene_word/scene_word_0525.jpg,اسٹیٹ,natural_scene_dataset
images/scene_word/scene_word_0526.jpg,آٹوز,natural_scene_dataset
images/scene_word/scene_word_0527.jpg,آپ,natural_scene_dataset
images/scene_word/scene_word_0528.jpg,لعل,natural_scene_dataset
images/scene_word/scene_word_0529.jpg,آٹوز,natural_scene_dataset
images/scene_word/scene_word_0530.jpg,اینڈ,natural_scene_dataset
images/scene_word/scene_word_0531.jpg,لیور,natural_scene_dataset
images/scene_word/scene_word_0532.jpg,آپٹیکل,natural_scene_dataset
images/scene_word/scene_word_0533.jpg,ڪراچي,natural_scene_dataset
images/scene_word/scene_word_0534.jpg,طرح,natural_scene_dataset
images/scene_word/scene_word_0535.jpg,آٹو,natural_scene_dataset
images/scene_word/scene_word_0536.jpg,آپ,natural_scene_dataset
images/scene_word/scene_word_0537.jpg,نیو,natural_scene_dataset
images/scene_word/scene_word_0538.jpg,ٽاؤن,natural_scene_dataset
images/scene_word/scene_word_0539.jpg,ماحول,natural_scene_dataset
images/scene_word/scene_word_0540.jpg,نئے,natural_scene_dataset
images/scene_word/scene_word_0541.jpg,ایئر,natural_scene_dataset
images/scene_word/scene_word_0542.jpg,ميهڙ,natural_scene_dataset
images/scene_word/scene_word_0543.jpg,ساتھ,natural_scene_dataset
images/scene_word/scene_word_0544.jpg,سوئیٹس,natural_scene_dataset
images/scene_word/scene_word_0545.jpg,سے,natural_scene_dataset
images/scene_word/scene_word_0546.jpg,المکہ,natural_scene_dataset
images/scene_word/scene_word_0547.jpg,زنده باد,natural_scene_dataset
images/scene_word/scene_word_0548.jpg,نمبر,natural_scene_dataset
images/scene_word/scene_word_0549.jpg,کمزور,natural_scene_dataset
images/scene_word/scene_word_0550.jpg,لوکیشن,natural_scene_dataset
images/scene_word/scene_word_0551.jpg,میرج,natural_scene_dataset
images/scene_word/scene_word_0552.jpg,کے,natural_scene_dataset
images/scene_word/scene_word_0553.jpg,بیف,natural_scene_dataset
images/scene_word/scene_word_0554.jpg,پاکستان,natural_scene_dataset
images/scene_word/scene_word_0555.jpg,واٹر,natural_scene_dataset
images/scene_word/scene_word_0556.jpg,موٹر,natural_scene_dataset
images/scene_word/scene_word_0557.jpg,اسٹور,natural_scene_dataset
images/scene_word/scene_word_0558.jpg,تمام,natural_scene_dataset
images/scene_word/scene_word_0559.jpg,کلاسز,natural_scene_dataset
images/scene_word/scene_word_0560.jpg,کا,natural_scene_dataset
images/scene_word/scene_word_0561.jpg,کلی,natural_scene_dataset
images/scene_word/scene_word_0562.jpg,0301-2520633,natural_scene_dataset
images/scene_word/scene_word_0563.jpg,پیشاوری,natural_scene_dataset
images/scene_word/scene_word_0564.jpg,حیسکو,natural_scene_dataset
images/scene_word/scene_word_0565.jpg,کی,natural_scene_dataset
images/scene_word/scene_word_0566.jpg,3613600,natural_scene_dataset
images/scene_word/scene_word_0567.jpg,بھٹائی,natural_scene_dataset
images/scene_word/scene_word_0568.jpg,پاور,natural_scene_dataset
images/scene_word/scene_word_0569.jpg,کان,natural_scene_dataset
images/scene_word/scene_word_0570.jpg,سے,natural_scene_dataset
images/scene_word/scene_word_0571.jpg,ایک,natural_scene_dataset
images/scene_word/scene_word_0572.jpg,ون,natural_scene_dataset
images/scene_word/scene_word_0573.jpg,اس,natural_scene_dataset
images/scene_word/scene_word_0574.jpg,کوکنگ,natural_scene_dataset
images/scene_word/scene_word_0575.jpg,معاونت,natural_scene_dataset
images/scene_word/scene_word_0576.jpg,کے,natural_scene_dataset
images/scene_word/scene_word_0577.jpg,سانو,natural_scene_dataset
images/scene_word/scene_word_0578.jpg,اسکول,natural_scene_dataset
images/scene_word/scene_word_0579.jpg,ورک,natural_scene_dataset
images/scene_word/scene_word_0580.jpg,ماشا,natural_scene_dataset
images/scene_word/scene_word_0581.jpg,0312,natural_scene_dataset
images/scene_word/scene_word_0582.jpg,چپل,natural_scene_dataset
images/scene_word/scene_word_0583.jpg,پکي,natural_scene_dataset
images/scene_word/scene_word_0584.jpg,جاتے,natural_scene_dataset
images/scene_word/scene_word_0585.jpg,جیو,natural_scene_dataset
images/scene_word/scene_word_0586.jpg,مواقع,natural_scene_dataset
images/scene_word/scene_word_0587.jpg,القادر,natural_scene_dataset
images/scene_word/scene_word_0588.jpg,احمد,natural_scene_dataset
images/scene_word/scene_word_0589.jpg,ماشاءاللہ,natural_scene_dataset
images/scene_word/scene_word_0590.jpg,باربی کیو,natural_scene_dataset
images/scene_word/scene_word_0591.jpg,سنز,natural_scene_dataset
images/scene_word/scene_word_0592.jpg,جیولری,natural_scene_dataset
images/scene_word/scene_word_0593.jpg,احمد,natural_scene_dataset
images/scene_word/scene_word_0594.jpg,زادہ,natural_scene_dataset
images/scene_word/scene_word_0595.jpg,عامر,natural_scene_dataset
images/scene_word/scene_word_0596.jpg,کنفیکشنری,natural_scene_dataset
images/scene_word/scene_word_0597.jpg,اینڈ,natural_scene_dataset
images/scene_word/scene_word_0598.jpg,گھنٹے,natural_scene_dataset
images/scene_word/scene_word_0599.jpg,طلب,natural_scene_dataset
images/scene_word/scene_word_0600.jpg,لیٹر,natural_scene_dataset
images/scene_word/scene_word_0601.jpg,ماہر,natural_scene_dataset
images/scene_word/scene_word_0602.jpg,چپل,natural_scene_dataset
images/scene_word/scene_word_0603.jpg,ہوٹل,natural_scene_dataset
images/scene_word/scene_word_0604.jpg,مکھن,natural_scene_dataset
images/scene_word/scene_word_0605.jpg,اینڈ,natural_scene_dataset
images/scene_word/scene_word_0606.jpg,غلام,natural_scene_dataset
images/scene_word/scene_word_0607.jpg,جنرل,natural_scene_dataset
images/scene_word/scene_word_0608.jpg,رتوڈیرو,natural_scene_dataset
images/scene_word/scene_word_0609.jpg,تا,natural_scene_dataset
images/scene_word/scene_word_0610.jpg,جنرل,natural_scene_dataset
images/scene_word/scene_word_0611.jpg,میرپورخاص,natural_scene_dataset
images/scene_word/scene_word_0612.jpg,کے,natural_scene_dataset
images/scene_word/scene_word_0613.jpg,الیکٹریشن,natural_scene_dataset
images/scene_word/scene_word_0614.jpg,کارنر,natural_scene_dataset
images/scene_word/scene_word_0615.jpg,اور,natural_scene_dataset
images/scene_word/scene_word_0616.jpg,اینڈ,natural_scene_dataset
images/scene_word/scene_word_0617.jpg,شیڈ,natural_scene_dataset
images/scene_word/scene_word_0618.jpg,کولڈ,natural_scene_dataset
images/scene_word/scene_word_0619.jpg,ایڈریس,natural_scene_dataset
images/scene_word/scene_word_0620.jpg,سیل,natural_scene_dataset
images/scene_word/scene_word_0621.jpg,ہوٹل,natural_scene_dataset
images/scene_word/scene_word_0622.jpg,روانڈا,natural_scene_dataset
images/scene_word/scene_word_0623.jpg,بجے,natural_scene_dataset
images/scene_word/scene_word_0624.jpg,سوئیٹ,natural_scene_dataset
images/scene_word/scene_word_0625.jpg,0344-3907599,natural_scene_dataset
images/scene_word/scene_word_0626.jpg,کولڈ,natural_scene_dataset
images/scene_word/scene_word_0627.jpg,جامع,natural_scene_dataset
images/scene_word/scene_word_0628.jpg,پارٽس,natural_scene_dataset
images/scene_word/scene_word_0629.jpg,میٹرو,natural_scene_dataset
images/scene_word/scene_word_0630.jpg,آٹوز,natural_scene_dataset
images/scene_word/scene_word_0631.jpg,300,natural_scene_dataset
images/scene_word/scene_word_0632.jpg,العالم,natural_scene_dataset
images/scene_word/scene_word_0633.jpg,اسٹور,natural_scene_dataset
images/scene_word/scene_word_0634.jpg,اجوا,natural_scene_dataset
images/scene_word/scene_word_0635.jpg,022-616854,natural_scene_dataset
images/scene_word/scene_word_0636.jpg,محمد,natural_scene_dataset
images/scene_word/scene_word_0637.jpg,روڈ,natural_scene_dataset
images/scene_word/scene_word_0638.jpg,ايئر,natural_scene_dataset
images/scene_word/scene_word_0639.jpg,الیکٹریشن,natural_scene_dataset
images/scene_word/scene_word_0640.jpg,پو,natural_scene_dataset
images/scene_word/scene_word_0641.jpg,زرعي,natural_scene_dataset
images/scene_word/scene_word_0642.jpg,وعدہ,natural_scene_dataset
images/scene_word/scene_word_0643.jpg,کراچی,natural_scene_dataset
images/scene_word/scene_word_0644.jpg,مکینک,natural_scene_dataset
images/scene_word/scene_word_0645.jpg,کا,natural_scene_dataset
images/scene_word/scene_word_0646.jpg,ٹریڈرز,natural_scene_dataset
images/scene_word/scene_word_0647.jpg,کمپنی,natural_scene_dataset
images/scene_word/scene_word_0648.jpg,سینٹر,natural_scene_dataset
images/scene_word/scene_word_0649.jpg,والے,natural_scene_dataset
images/scene_word/scene_word_0650.jpg,رول,natural_scene_dataset
images/scene_word/scene_word_0651.jpg,کوچ,natural_scene_dataset
images/scene_word/scene_word_0652.jpg,سینڈوز,natural_scene_dataset
images/scene_word/scene_word_0653.jpg,04,natural_scene_dataset
images/scene_word/scene_word_0654.jpg,0300,natural_scene_dataset
images/scene_word/scene_word_0655.jpg,کار,natural_scene_dataset
images/scene_word/scene_word_0656.jpg,پيٽرول,natural_scene_dataset
images/scene_word/scene_word_0657.jpg,ریسٹورنٹ,natural_scene_dataset
images/scene_word/scene_word_0658.jpg,ریسٹورنٹ,natural_scene_dataset
images/scene_word/scene_word_0659.jpg,تکمیل,natural_scene_dataset
images/scene_word/scene_word_0660.jpg,رتودیرو,natural_scene_dataset
images/scene_word/scene_word_0661.jpg,رحیم,natural_scene_dataset
images/scene_word/scene_word_0662.jpg,پروپرائیٹر,natural_scene_dataset
images/scene_word/scene_word_0663.jpg,فیملی,natural_scene_dataset
images/scene_word/scene_word_0664.jpg,ریسٹورنٹ,natural_scene_dataset
images/scene_word/scene_word_0665.jpg,سرخاب,natural_scene_dataset
images/scene_word/scene_word_0666.jpg,کی,natural_scene_dataset
images/scene_word/scene_word_0667.jpg,اینڈ,natural_scene_dataset
images/scene_word/scene_word_0668.jpg,حاصل,natural_scene_dataset
images/scene_word/scene_word_0669.jpg,پروپرائيٽر,natural_scene_dataset
images/scene_word/scene_word_0670.jpg,ڀلي,natural_scene_dataset
images/scene_word/scene_word_0671.jpg,اسپتال,natural_scene_dataset
images/scene_word/scene_word_0672.jpg,ڄامشورو,natural_scene_dataset
images/scene_word/scene_word_0673.jpg,سچی,natural_scene_dataset
images/scene_word/scene_word_0674.jpg,وی,natural_scene_dataset
images/scene_word/scene_word_0675.jpg,فوٹوز,natural_scene_dataset
images/scene_word/scene_word_0676.jpg,لئے,natural_scene_dataset
images/scene_word/scene_word_0677.jpg,مزمل,natural_scene_dataset
images/scene_word/scene_word_0678.jpg,عزیز,natural_scene_dataset
images/scene_word/scene_word_0679.jpg,شاہ,natural_scene_dataset
images/scene_word/scene_word_0680.jpg,حسن,natural_scene_dataset
images/scene_word/scene_word_0681.jpg,سینٹر,natural_scene_dataset
images/scene_word/scene_word_0682.jpg,ساگر,natural_scene_dataset
images/scene_word/scene_word_0683.jpg,کا,natural_scene_dataset
images/scene_word/scene_word_0684.jpg,المدینہ,natural_scene_dataset
images/scene_word/scene_word_0685.jpg,رتوڈیرو,natural_scene_dataset
images/scene_word/scene_word_0686.jpg,پنکچر,natural_scene_dataset
images/scene_word/scene_word_0687.jpg,اینڈ,natural_scene_dataset
images/scene_word/scene_word_0688.jpg,جنرل,natural_scene_dataset
images/scene_word/scene_word_0689.jpg,250,natural_scene_dataset
images/scene_word/scene_word_0690.jpg,مارٹ,natural_scene_dataset
images/scene_word/scene_word_0691.jpg,سے,natural_scene_dataset
images/scene_word/scene_word_0692.jpg,طلال,natural_scene_dataset
images/scene_word/scene_word_0693.jpg,گوشت,natural_scene_dataset
images/scene_word/scene_word_0694.jpg,سے,natural_scene_dataset
images/scene_word/scene_word_0695.jpg,اعلٰی,natural_scene_dataset
images/scene_word/scene_word_0696.jpg,ٻڪر,natural_scene_dataset
images/scene_word/scene_word_0697.jpg,میڈیکل,natural_scene_dataset
images/scene_word/scene_word_0698.jpg,بیاہ,natural_scene_dataset
images/scene_word/scene_word_0699.jpg,انگیز,natural_scene_dataset
images/scene_word/scene_word_0700.jpg,علاقے,natural_scene_dataset
images/scene_word/scene_word_0701.jpg,رجسٽري,natural_scene_dataset
images/scene_word/scene_word_0702.jpg,شاہ زیب,natural_scene_dataset
images/scene_word/scene_word_0703.jpg,لائیف,natural_scene_dataset
images/scene_word/scene_word_0704.jpg,ڪنڊيشن,natural_scene_dataset
images/scene_word/scene_word_0705.jpg,سینارٹی,natural_scene_dataset
images/scene_word/scene_word_0706.jpg,مہتم,natural_scene_dataset
images/scene_word/scene_word_0707.jpg,حیدرآباد,natural_scene_dataset
images/scene_word/scene_word_0708.jpg,فو,natural_scene_dataset
images/scene_word/scene_word_0709.jpg,فلائی,natural_scene_dataset
images/scene_word/scene_word_0710.jpg,ماں,natural_scene_dataset
images/scene_word/scene_word_0711.jpg,انشا,natural_scene_dataset
images/scene_word/scene_word_0712.jpg,آدم,natural_scene_dataset
images/scene_word/scene_word_0713.jpg,سے,natural_scene_dataset
images/scene_word/scene_word_0714.jpg,کوکنگ,natural_scene_dataset
images/scene_word/scene_word_0715.jpg,اور,natural_scene_dataset
images/scene_word/scene_word_0716.jpg,ممنوع,natural_scene_dataset
images/scene_word/scene_word_0717.jpg,دن,natural_scene_dataset
images/scene_word/scene_word_0718.jpg,مراد,natural_scene_dataset
images/scene_word/scene_word_0719.jpg,قلندر,natural_scene_dataset
images/scene_word/scene_word_0720.jpg,خوشخبری,natural_scene_dataset
images/scene_word/scene_word_0721.jpg,گارڈن,natural_scene_dataset
images/scene_word/scene_word_0722.jpg,ہے,natural_scene_dataset
images/scene_word/scene_word_0723.jpg,کنٹرول,natural_scene_dataset
images/scene_word/scene_word_0724.jpg,جیمخانه,natural_scene_dataset
images/scene_word/scene_word_0725.jpg,حیدرآباد,natural_scene_dataset
images/scene_word/scene_word_0726.jpg,مرکز,natural_scene_dataset
images/scene_word/scene_word_0727.jpg,پرویز,natural_scene_dataset
images/scene_word/scene_word_0728.jpg,کنفیکشنری,natural_scene_dataset
images/scene_word/scene_word_0729.jpg,بی,natural_scene_dataset
images/scene_word/scene_word_0730.jpg,انجينئرنگ,natural_scene_dataset
images/scene_word/scene_word_0731.jpg,جاوید,natural_scene_dataset
images/scene_word/scene_word_0732.jpg,سامان,natural_scene_dataset
images/scene_word/scene_word_0733.jpg,ہاؤس,natural_scene_dataset
images/scene_word/scene_word_0734.jpg,میں,natural_scene_dataset
images/scene_word/scene_word_0735.jpg,کارنر,natural_scene_dataset
images/scene_word/scene_word_0736.jpg,چوری,natural_scene_dataset
images/scene_word/scene_word_0737.jpg,بریانی,natural_scene_dataset
images/scene_word/scene_word_0738.jpg,ہے,natural_scene_dataset
images/scene_word/scene_word_0739.jpg,نواب شاہ,natural_scene_dataset
images/scene_word/scene_word_0740.jpg,آٹو,natural_scene_dataset
images/scene_word/scene_word_0741.jpg,برانچ,natural_scene_dataset
images/scene_word/scene_word_0742.jpg,بدلہ,natural_scene_dataset
images/scene_word/scene_word_0743.jpg,خالص,natural_scene_dataset
images/scene_word/scene_word_0744.jpg,عرفان,natural_scene_dataset
images/scene_word/scene_word_0745.jpg,جاتے,natural_scene_dataset
images/scene_word/scene_word_0746.jpg,مرڪ,natural_scene_dataset
images/scene_word/scene_word_0747.jpg,ایکو,natural_scene_dataset
images/scene_word/scene_word_0748.jpg,بیاہ,natural_scene_dataset
images/scene_word/scene_word_0749.jpg,پر,natural_scene_dataset
images/scene_word/scene_word_0750.jpg,ادارو,natural_scene_dataset
images/scene_word/scene_word_0751.jpg,پلاٹ,natural_scene_dataset
images/scene_word/scene_word_0752.jpg,غزنی,natural_scene_dataset
images/scene_word/scene_word_0753.jpg,جب,natural_scene_dataset
images/scene_word/scene_word_0754.jpg,اینڈ,natural_scene_dataset
images/scene_word/scene_word_0755.jpg,شایان,natural_scene_dataset
images/scene_word/scene_word_0756.jpg,سروس,natural_scene_dataset
images/scene_word/scene_word_0757.jpg,سروس,natural_scene_dataset
images/scene_word/scene_word_0758.jpg,کے,natural_scene_dataset
images/scene_word/scene_word_0759.jpg,میرپورخاص,natural_scene_dataset
images/scene_word/scene_word_0760.jpg,تسلي,natural_scene_dataset
images/scene_word/scene_word_0761.jpg,اعتبار,natural_scene_dataset
images/scene_word/scene_word_0762.jpg,بلوچ,natural_scene_dataset
images/scene_word/scene_word_0763.jpg,اینڈ,natural_scene_dataset
images/scene_word/scene_word_0764.jpg,کونین,natural_scene_dataset
images/scene_word/scene_word_0765.jpg,ٹرانسفارمر,natural_scene_dataset
images/scene_word/scene_word_0766.jpg,اسٹیٹ,natural_scene_dataset
images/scene_word/scene_word_0767.jpg,یونین,natural_scene_dataset
images/scene_word/scene_word_0768.jpg,چارہ,natural_scene_dataset
images/scene_word/scene_word_0769.jpg,بلڈپریشر,natural_scene_dataset
images/scene_word/scene_word_0770.jpg,ویل,natural_scene_dataset
images/scene_word/scene_word_0771.jpg,اسٹور,natural_scene_dataset
images/scene_word/scene_word_0772.jpg,03133041720,natural_scene_dataset
images/scene_word/scene_word_0773.jpg,دکن,natural_scene_dataset
images/scene_word/scene_word_0774.jpg,ہے,natural_scene_dataset
images/scene_word/scene_word_0775.jpg,احمد,natural_scene_dataset
images/scene_word/scene_word_0776.jpg,رئیل,natural_scene_dataset
images/scene_word/scene_word_0777.jpg,اوساکا,natural_scene_dataset
images/scene_word/scene_word_0778.jpg,ھومیو,natural_scene_dataset
images/scene_word/scene_word_0779.jpg,ٹریڈنگ,natural_scene_dataset
images/scene_word/scene_word_0780.jpg,ٹول,natural_scene_dataset
images/scene_word/scene_word_0781.jpg,ہے,natural_scene_dataset
images/scene_word/scene_word_0782.jpg,مرحلہ,natural_scene_dataset
images/scene_word/scene_word_0783.jpg,سینٹر,natural_scene_dataset
images/scene_word/scene_word_0784.jpg,الروحانی,natural_scene_dataset
images/scene_word/scene_word_0785.jpg,دیں,natural_scene_dataset
images/scene_word/scene_word_0786.jpg,ربڑی,natural_scene_dataset
images/scene_word/scene_word_0787.jpg,کو,natural_scene_dataset
images/scene_word/scene_word_0788.jpg,سینٹری,natural_scene_dataset
images/scene_word/scene_word_0789.jpg,ڊاڪٽر,natural_scene_dataset
images/scene_word/scene_word_0790.jpg,روڈ,natural_scene_dataset
images/scene_word/scene_word_0791.jpg,سی این جی,natural_scene_dataset
images/scene_word/scene_word_0792.jpg,آٹو,natural_scene_dataset
images/scene_word/scene_word_0793.jpg,ربڑی,natural_scene_dataset
images/scene_word/scene_word_0794.jpg,300,natural_scene_dataset
images/scene_word/scene_word_0795.jpg,نے,natural_scene_dataset
images/scene_word/scene_word_0796.jpg,موٹرسائیکل,natural_scene_dataset
images/scene_word/scene_word_0797.jpg,ایئر,natural_scene_dataset
images/scene_word/scene_word_0798.jpg,ہے,natural_scene_dataset
images/scene_word/scene_word_0799.jpg,ساؤنڈ,natural_scene_dataset
images/scene_word/scene_word_0800.jpg,مرکز,natural_scene_dataset
images/scene_word/scene_word_0801.jpg,بیج,natural_scene_dataset
images/scene_word/scene_word_0802.jpg,الشان,natural_scene_dataset
images/scene_word/scene_word_0803.jpg,ہارڈ,natural_scene_dataset
images/scene_word/scene_word_0804.jpg,استاد,natural_scene_dataset
images/scene_word/scene_word_0805.jpg,سوئیٹ,natural_scene_dataset
images/scene_word/scene_word_0806.jpg,مٹھو,natural_scene_dataset
images/scene_word/scene_word_0807.jpg,خان,natural_scene_dataset
images/scene_word/scene_word_0808.jpg,سروس,natural_scene_dataset
images/scene_word/scene_word_0809.jpg,گاڑی,natural_scene_dataset
images/scene_word/scene_word_0810.jpg,ڪارنر,natural_scene_dataset
images/scene_word/scene_word_0811.jpg,اعتماد,natural_scene_dataset
images/scene_word/scene_word_0812.jpg,0307-3352382,natural_scene_dataset
images/scene_word/scene_word_0813.jpg,ڈینٹنگ,natural_scene_dataset
images/scene_word/scene_word_0814.jpg,نان,natural_scene_dataset
images/scene_word/scene_word_0815.jpg,رکھیں,natural_scene_dataset
images/scene_word/scene_word_0816.jpg,فی,natural_scene_dataset
images/scene_word/scene_word_0817.jpg,کے,natural_scene_dataset
images/scene_word/scene_word_0818.jpg,اسکول,natural_scene_dataset
images/scene_word/scene_word_0819.jpg,بھٹی,natural_scene_dataset
images/scene_word/scene_word_0820.jpg,آمدشدہ,natural_scene_dataset
images/scene_word/scene_word_0821.jpg,گیا,natural_scene_dataset
images/scene_word/scene_word_0822.jpg,نيو,natural_scene_dataset
images/scene_word/scene_word_0823.jpg,یا,natural_scene_dataset
images/scene_word/scene_word_0824.jpg,چانڊيو,natural_scene_dataset
images/scene_word/scene_word_0825.jpg,جنت,natural_scene_dataset
images/scene_word/scene_word_0826.jpg,هر,natural_scene_dataset
images/scene_word/scene_word_0827.jpg,ٹریننگ,natural_scene_dataset
images/scene_word/scene_word_0828.jpg,مزمل,natural_scene_dataset
images/scene_word/scene_word_0829.jpg,فی,natural_scene_dataset
images/scene_word/scene_word_0830.jpg,کمال,natural_scene_dataset
images/scene_word/scene_word_0831.jpg,ایک,natural_scene_dataset
images/scene_word/scene_word_0832.jpg,يو,natural_scene_dataset
images/scene_word/scene_word_0833.jpg,اسٹور,natural_scene_dataset
images/scene_word/scene_word_0834.jpg,کا,natural_scene_dataset
images/scene_word/scene_word_0835.jpg,فو,natural_scene_dataset
images/scene_word/scene_word_0836.jpg,ڈوھلائی,natural_scene_dataset
images/scene_word/scene_word_0837.jpg,کارنر,natural_scene_dataset
images/scene_word/scene_word_0838.jpg,ملک,natural_scene_dataset
images/scene_word/scene_word_0839.jpg,حسن,natural_scene_dataset
images/scene_word/scene_word_0840.jpg,محسن,natural_scene_dataset
images/scene_word/scene_word_0841.jpg,اسٹور,natural_scene_dataset
images/scene_word/scene_word_0842.jpg,مغل,natural_scene_dataset
images/scene_word/scene_word_0843.jpg,پورا,natural_scene_dataset
images/scene_word/scene_word_0844.jpg,کھانے,natural_scene_dataset
images/scene_word/scene_word_0845.jpg,ہمارے,natural_scene_dataset
images/scene_word/scene_word_0846.jpg,اینڈ,natural_scene_dataset
images/scene_word/scene_word_0847.jpg,احباب,natural_scene_dataset
images/scene_word/scene_word_0848.jpg,فرینڈز,natural_scene_dataset
images/scene_word/scene_word_0849.jpg,اور,natural_scene_dataset
images/scene_word/scene_word_0850.jpg,عباس,natural_scene_dataset
images/scene_word/scene_word_0851.jpg,2424188,natural_scene_dataset
images/scene_word/scene_word_0852.jpg,ڪيمرا,natural_scene_dataset
images/scene_word/scene_word_0853.jpg,سوئي,natural_scene_dataset
images/scene_word/scene_word_0854.jpg,زون,natural_scene_dataset
images/scene_word/scene_word_0855.jpg,کانٹا,natural_scene_dataset
images/scene_word/scene_word_0856.jpg,بیکری,natural_scene_dataset
images/scene_word/scene_word_0857.jpg,بہترین,natural_scene_dataset
images/scene_word/scene_word_0858.jpg,لئے,natural_scene_dataset
images/scene_word/scene_word_0859.jpg,نزد,natural_scene_dataset
images/scene_word/scene_word_0860.jpg,کیڑوں,natural_scene_dataset
images/scene_word/scene_word_0861.jpg,پارٹی,natural_scene_dataset
images/scene_word/scene_word_0862.jpg,2635240,natural_scene_dataset
images/scene_word/scene_word_0863.jpg,مجلس,natural_scene_dataset
images/scene_word/scene_word_0864.jpg,نگران,natural_scene_dataset
images/scene_word/scene_word_0865.jpg,ٽنڊو,natural_scene_dataset
images/scene_word/scene_word_0866.jpg,ہے,natural_scene_dataset
images/scene_word/scene_word_0867.jpg,با,natural_scene_dataset
images/scene_word/scene_word_0868.jpg,الیکٹرک,natural_scene_dataset
images/scene_word/scene_word_0869.jpg,ہاؤس,natural_scene_dataset
images/scene_word/scene_word_0870.jpg,منصوبه,natural_scene_dataset
images/scene_word/scene_word_0871.jpg,کرائے,natural_scene_dataset
images/scene_word/scene_word_0872.jpg,میکر,natural_scene_dataset
images/scene_word/scene_word_0873.jpg,یا,natural_scene_dataset
images/scene_word/scene_word_0874.jpg,کرائے,natural_scene_dataset
images/scene_word/scene_word_0875.jpg,ہیں,natural_scene_dataset
images/scene_word/scene_word_0876.jpg,اسٹینڈ,natural_scene_dataset
images/scene_word/scene_word_0877.jpg,ھوٹل,natural_scene_dataset
images/scene_word/scene_word_0878.jpg,پل,natural_scene_dataset
images/scene_word/scene_word_0879.jpg,شھد,natural_scene_dataset
images/scene_word/scene_word_0880.jpg,علی,natural_scene_dataset
images/scene_word/scene_word_0881.jpg,اینڈ,natural_scene_dataset
images/scene_word/scene_word_0882.jpg,کینال,natural_scene_dataset
images/scene_word/scene_word_0883.jpg,میکر,natural_scene_dataset
images/scene_word/scene_word_0884.jpg,حلق,natural_scene_dataset
images/scene_word/scene_word_0885.jpg,اینڈ,natural_scene_dataset
images/scene_word/scene_word_0886.jpg,احباب,natural_scene_dataset
images/scene_word/scene_word_0887.jpg,انمول,natural_scene_dataset
images/scene_word/scene_word_0888.jpg,بیاہ,natural_scene_dataset
images/scene_word/scene_word_0889.jpg,یہاں,natural_scene_dataset
images/scene_word/scene_word_0890.jpg,کلینک,natural_scene_dataset
images/scene_word/scene_word_0891.jpg,بینک,natural_scene_dataset
images/scene_word/scene_word_0892.jpg,ماہانہ,natural_scene_dataset
images/scene_word/scene_word_0893.jpg,چوک,natural_scene_dataset
images/scene_word/scene_word_0894.jpg,یاسین,natural_scene_dataset
images/scene_word/scene_word_0895.jpg,جتوئی,natural_scene_dataset
images/scene_word/scene_word_0896.jpg,سی,natural_scene_dataset
images/scene_word/scene_word_0897.jpg,قلندر,natural_scene_dataset
images/scene_word/scene_word_0898.jpg,بخارہ,natural_scene_dataset
images/scene_word/scene_word_0899.jpg,الرحیم,natural_scene_dataset
images/scene_word/scene_word_0900.jpg,ٹو,natural_scene_dataset
images/scene_word/scene_word_0901.jpg,رستم,natural_scene_dataset
images/scene_word/scene_word_0902.jpg,کالز,natural_scene_dataset
images/scene_word/scene_word_0903.jpg,کار,natural_scene_dataset
images/scene_word/scene_word_0904.jpg,فین,natural_scene_dataset
images/scene_word/scene_word_0905.jpg,ميمڻ,natural_scene_dataset
images/scene_word/scene_word_0906.jpg,کی,natural_scene_dataset
images/scene_word/scene_word_0907.jpg,اينڊ,natural_scene_dataset
images/scene_word/scene_word_0908.jpg,لی,natural_scene_dataset
images/scene_word/scene_word_0909.jpg,رات,natural_scene_dataset
images/scene_word/scene_word_0910.jpg,ہو,natural_scene_dataset
images/scene_word/scene_word_0911.jpg,وفاق,natural_scene_dataset
images/scene_word/scene_word_0912.jpg,منصف,natural_scene_dataset
images/scene_word/scene_word_0913.jpg,آٹوز,natural_scene_dataset
images/scene_word/scene_word_0914.jpg,حسيني,natural_scene_dataset
images/scene_word/scene_word_0915.jpg,این,natural_scene_dataset
images/scene_word/scene_word_0916.jpg,خانہ,natural_scene_dataset
images/scene_word/scene_word_0917.jpg,سے,natural_scene_dataset
images/scene_word/scene_word_0918.jpg,120,natural_scene_dataset
images/scene_word/scene_word_0919.jpg,منٹس,natural_scene_dataset
images/scene_word/scene_word_0920.jpg,جامشورو,natural_scene_dataset
images/scene_word/scene_word_0921.jpg,ٽال,natural_scene_dataset
images/scene_word/scene_word_0922.jpg,داخلہ,natural_scene_dataset
images/scene_word/scene_word_0923.jpg,ہر,natural_scene_dataset
images/scene_word/scene_word_0924.jpg,مورو,natural_scene_dataset
images/scene_word/scene_word_0925.jpg,لوکیشن,natural_scene_dataset
images/scene_word/scene_word_0926.jpg,یونیک,natural_scene_dataset
images/scene_word/scene_word_0927.jpg,رابطہ,natural_scene_dataset
images/scene_word/scene_word_0928.jpg,سینٹر,natural_scene_dataset
images/scene_word/scene_word_0929.jpg,غریب,natural_scene_dataset
images/scene_word/scene_word_0930.jpg,بادام,natural_scene_dataset
images/scene_word/scene_word_0931.jpg,ڈرائیونگ,natural_scene_dataset
images/scene_word/scene_word_0932.jpg,آذان,natural_scene_dataset
images/scene_word/scene_word_0933.jpg,روڈ,natural_scene_dataset
images/scene_word/scene_word_0934.jpg,عدنان,natural_scene_dataset
images/scene_word/scene_word_0935.jpg,مرکز,natural_scene_dataset
images/scene_word/scene_word_0936.jpg,لیے,natural_scene_dataset
images/scene_word/scene_word_0937.jpg,فزیشن,natural_scene_dataset
images/scene_word/scene_word_0938.jpg,حاجي,natural_scene_dataset
images/scene_word/scene_word_0939.jpg,تیار,natural_scene_dataset
images/scene_word/scene_word_0940.jpg,پرنٹ,natural_scene_dataset
images/scene_word/scene_word_0941.jpg,بھائی,natural_scene_dataset
images/scene_word/scene_word_0942.jpg,کا,natural_scene_dataset
images/scene_word/scene_word_0943.jpg,کراچی,natural_scene_dataset
images/scene_word/scene_word_0944.jpg,تربوز,natural_scene_dataset
images/scene_word/scene_word_0945.jpg,سنڌ,natural_scene_dataset
images/scene_word/scene_word_0946.jpg,سبحان,natural_scene_dataset
images/scene_word/scene_word_0947.jpg,جائے,natural_scene_dataset
images/scene_word/scene_word_0948.jpg,ریسٹورنٹ,natural_scene_dataset
images/scene_word/scene_word_0949.jpg,بہا,natural_scene_dataset
images/scene_word/scene_word_0950.jpg,تربوز,natural_scene_dataset
images/scene_word/scene_word_0951.jpg,لڪي,natural_scene_dataset
images/scene_word/scene_word_0952.jpg,کئے,natural_scene_dataset
images/scene_word/scene_word_0953.jpg,لال,natural_scene_dataset
images/scene_word/scene_word_0954.jpg,کور,natural_scene_dataset
images/scene_word/scene_word_0955.jpg,مال,natural_scene_dataset
images/scene_word/scene_word_0956.jpg,کا,natural_scene_dataset
images/scene_word/scene_word_0957.jpg,ذریعے,natural_scene_dataset
images/scene_word/scene_word_0958.jpg,انٹرنیٹ,natural_scene_dataset
images/scene_word/scene_word_0959.jpg,امیر,natural_scene_dataset
images/scene_word/scene_word_0960.jpg,سروس,natural_scene_dataset
images/scene_word/scene_word_0961.jpg,کار,natural_scene_dataset
images/scene_word/scene_word_0962.jpg,0313-3055659,natural_scene_dataset
images/scene_word/scene_word_0963.jpg,دلاور,natural_scene_dataset
images/scene_word/scene_word_0964.jpg,تقریبات,natural_scene_dataset
images/scene_word/scene_word_0965.jpg,خٹک,natural_scene_dataset
images/scene_word/scene_word_0966.jpg,خیل,natural_scene_dataset
images/scene_word/scene_word_0967.jpg,برائے,natural_scene_dataset
images/scene_word/scene_word_0968.jpg,ھوٹل,natural_scene_dataset
images/scene_word/scene_word_0969.jpg,یہاں,natural_scene_dataset
images/scene_word/scene_word_0970.jpg,الشافی,natural_scene_dataset
images/scene_word/scene_word_0971.jpg,ملاح,natural_scene_dataset
images/scene_word/scene_word_0972.jpg,المعروف,natural_scene_dataset
images/scene_word/scene_word_0973.jpg,مقدس,natural_scene_dataset
images/scene_word/scene_word_0974.jpg,کیئر,natural_scene_dataset
images/scene_word/scene_word_0975.jpg,عمدہ,natural_scene_dataset
images/scene_word/scene_word_0976.jpg,0343,natural_scene_dataset
images/scene_word/scene_word_0977.jpg,گے,natural_scene_dataset
images/scene_word/scene_word_0978.jpg,سعید,natural_scene_dataset
images/scene_word/scene_word_0979.jpg,اسٹور,natural_scene_dataset
images/scene_word/scene_word_0980.jpg,399,natural_scene_dataset
images/scene_word/scene_word_0981.jpg,آپ,natural_scene_dataset
images/scene_word/scene_word_0982.jpg,تو,natural_scene_dataset
images/scene_word/scene_word_0983.jpg,آرائیں,natural_scene_dataset
images/scene_word/scene_word_0984.jpg,پیسه,natural_scene_dataset
images/scene_word/scene_word_0985.jpg,کا,natural_scene_dataset
images/scene_word/scene_word_0986.jpg,اینجل,natural_scene_dataset
images/scene_word/scene_word_0987.jpg,جیو,natural_scene_dataset
images/scene_word/scene_word_0988.jpg,خالی,natural_scene_dataset
images/scene_word/scene_word_0989.jpg,پڈعیزن,natural_scene_dataset
images/scene_word/scene_word_0990.jpg,تعلقہ,natural_scene_dataset
images/scene_word/scene_word_0991.jpg,کرایہ,natural_scene_dataset
images/scene_word/scene_word_0992.jpg,ربڑی,natural_scene_dataset
images/scene_word/scene_word_0993.jpg,حلیم,natural_scene_dataset
images/scene_word/scene_word_0994.jpg,لاکھ,natural_scene_dataset
images/scene_word/scene_word_0995.jpg,عسکری,natural_scene_dataset
images/scene_word/scene_word_0996.jpg,بولان,natural_scene_dataset
images/scene_word/scene_word_0997.jpg,گونگو,natural_scene_dataset
images/scene_word/scene_word_0998.jpg,ورزشوں,natural_scene_dataset
images/scene_word/scene_word_0999.jpg,کی,natural_scene_dataset
images/scene_word/scene_word_1000.jpg,ایجنسی,natural_scene_dataset
